[2026-06-29 10:21:54] local.ERROR: SQLSTATE[08006] [7] connection to server at "127.0.0.1", port 5432 failed: Connection refused
	Is the server running on that host and accepting TCP/IP connections? (Connection: pgsql, Host: 127.0.0.1, Port: 5432, Database: promotions, SQL: select exists (select 1 from pg_class c, pg_namespace n where n.nspname = current_schema() and c.relname = 'migrations' and c.relkind in ('r', 'p') and n.oid = c.relnamespace)) {"exception":"[object] (Illuminate\\Database\\QueryException(code: 7): SQLSTATE[08006] [7] connection to server at \"127.0.0.1\", port 5432 failed: Connection refused
\tIs the server running on that host and accepting TCP/IP connections? (Connection: pgsql, Host: 127.0.0.1, Port: 5432, Database: promotions, SQL: select exists (select 1 from pg_class c, pg_namespace n where n.nspname = current_schema() and c.relname = 'migrations' and c.relkind in ('r', 'p') and n.oid = c.relnamespace)) at /home/dfyne/dfyne-lab6/services/promotions/vendor/laravel/framework/src/Illuminate/Database/Connection.php:857)
[stacktrace]
#0 /home/dfyne/dfyne-lab6/services/promotions/vendor/laravel/framework/src/Illuminate/Database/Connection.php(813): Illuminate\\Database\\Connection->runQueryCallback('select exists (...', Array, Object(Closure))
#1 /home/dfyne/dfyne-lab6/services/promotions/vendor/laravel/framework/src/Illuminate/Database/Connection.php(426): Illuminate\\Database\\Connection->run('select exists (...', Array, Object(Closure))
#2 /home/dfyne/dfyne-lab6/services/promotions/vendor/laravel/framework/src/Illuminate/Database/Connection.php(371): Illuminate\\Database\\Connection->select('select exists (...', Array, true)
#3 /home/dfyne/dfyne-lab6/services/promotions/vendor/laravel/framework/src/Illuminate/Database/Connection.php(388): Illuminate\\Database\\Connection->selectOne('select exists (...', Array, true)
#4 /home/dfyne/dfyne-lab6/services/promotions/vendor/laravel/framework/src/Illuminate/Database/Schema/Builder.php(176): Illuminate\\Database\\Connection->scalar('select exists (...')
#5 /home/dfyne/dfyne-lab6/services/promotions/vendor/laravel/framework/src/Illuminate/Database/Migrations/DatabaseMigrationRepository.php(185): Illuminate\\Database\\Schema\\Builder->hasTable('migrations')
#6 /home/dfyne/dfyne-lab6/services/promotions/vendor/laravel/framework/src/Illuminate/Database/Migrations/Migrator.php(797): Illuminate\\Database\\Migrations\\DatabaseMigrationRepository->repositoryExists()
#7 /home/dfyne/dfyne-lab6/services/promotions/vendor/laravel/framework/src/Illuminate/Database/Console/Migrations/MigrateCommand.php(166): Illuminate\\Database\\Migrations\\Migrator->repositoryExists()
#8 /home/dfyne/dfyne-lab6/services/promotions/vendor/laravel/framework/src/Illuminate/Support/helpers.php(328): Illuminate\\Database\\Console\\Migrations\\MigrateCommand->{closure:Illuminate\\Database\\Console\\Migrations\\MigrateCommand::repositoryExists():166}(1)
#9 /home/dfyne/dfyne-lab6/services/promotions/vendor/laravel/framework/src/Illuminate/Database/Console/Migrations/MigrateCommand.php(166): retry(1, Object(Closure), 0, Object(Closure))
#10 /home/dfyne/dfyne-lab6/services/promotions/vendor/laravel/framework/src/Illuminate/Database/Console/Migrations/MigrateCommand.php(142): Illuminate\\Database\\Console\\Migrations\\MigrateCommand->repositoryExists()
#11 /home/dfyne/dfyne-lab6/services/promotions/vendor/laravel/framework/src/Illuminate/Database/Console/Migrations/MigrateCommand.php(112): Illuminate\\Database\\Console\\Migrations\\MigrateCommand->prepareDatabase()
#12 /home/dfyne/dfyne-lab6/services/promotions/vendor/laravel/framework/src/Illuminate/Database/Migrations/Migrator.php(672): Illuminate\\Database\\Console\\Migrations\\MigrateCommand->{closure:Illuminate\\Database\\Console\\Migrations\\MigrateCommand::runMigrations():111}()
#13 /home/dfyne/dfyne-lab6/services/promotions/vendor/laravel/framework/src/Illuminate/Database/Console/Migrations/MigrateCommand.php(111): Illuminate\\Database\\Migrations\\Migrator->usingConnection(NULL, Object(Closure))
#14 /home/dfyne/dfyne-lab6/services/promotions/vendor/laravel/framework/src/Illuminate/Database/Console/Migrations/MigrateCommand.php(90): Illuminate\\Database\\Console\\Migrations\\MigrateCommand->runMigrations()
#15 /home/dfyne/dfyne-lab6/services/promotions/vendor/laravel/framework/src/Illuminate/Container/BoundMethod.php(36): Illuminate\\Database\\Console\\Migrations\\MigrateCommand->handle()
#16 /home/dfyne/dfyne-lab6/services/promotions/vendor/laravel/framework/src/Illuminate/Container/Util.php(43): Illuminate\\Container\\BoundMethod::{closure:Illuminate\\Container\\BoundMethod::call():35}()
#17 /home/dfyne/dfyne-lab6/services/promotions/vendor/laravel/framework/src/Illuminate/Container/BoundMethod.php(96): Illuminate\\Container\\Util::unwrapIfClosure(Object(Closure))
#18 /home/dfyne/dfyne-lab6/services/promotions/vendor/laravel/framework/src/Illuminate/Container/BoundMethod.php(35): Illuminate\\Container\\BoundMethod::callBoundMethod(Object(Illuminate\\Foundation\\Application), Array, Object(Closure))
#19 /home/dfyne/dfyne-lab6/services/promotions/vendor/laravel/framework/src/Illuminate/Container/Container.php(799): Illuminate\\Container\\BoundMethod::call(Object(Illuminate\\Foundation\\Application), Array, Array, NULL)
#20 /home/dfyne/dfyne-lab6/services/promotions/vendor/laravel/framework/src/Illuminate/Console/Command.php(280): Illuminate\\Container\\Container->call(Array)
#21 /home/dfyne/dfyne-lab6/services/promotions/vendor/symfony/console/Command/Command.php(284): Illuminate\\Console\\Command->execute(Object(Symfony\\Component\\Console\\Input\\ArgvInput), Object(Illuminate\\Console\\OutputStyle))
#22 /home/dfyne/dfyne-lab6/services/promotions/vendor/laravel/framework/src/Illuminate/Console/Command.php(249): Symfony\\Component\\Console\\Command\\Command->run(Object(Symfony\\Component\\Console\\Input\\ArgvInput), Object(Illuminate\\Console\\OutputStyle))
#23 /home/dfyne/dfyne-lab6/services/promotions/vendor/symfony/console/Application.php(1144): Illuminate\\Console\\Command->run(Object(Symfony\\Component\\Console\\Input\\ArgvInput), Object(Symfony\\Component\\Console\\Output\\ConsoleOutput))
#24 /home/dfyne/dfyne-lab6/services/promotions/vendor/symfony/console/Application.php(379): Symfony\\Component\\Console\\Application->doRunCommand(Object(Illuminate\\Database\\Console\\Migrations\\MigrateCommand), Object(Symfony\\Component\\Console\\Input\\ArgvInput), Object(Symfony\\Component\\Console\\Output\\ConsoleOutput))
#25 /home/dfyne/dfyne-lab6/services/promotions/vendor/symfony/console/Application.php(218): Symfony\\Component\\Console\\Application->doRun(Object(Symfony\\Component\\Console\\Input\\ArgvInput), Object(Symfony\\Component\\Console\\Output\\ConsoleOutput))
#26 /home/dfyne/dfyne-lab6/services/promotions/vendor/laravel/framework/src/Illuminate/Foundation/Console/Kernel.php(198): Symfony\\Component\\Console\\Application->run(Object(Symfony\\Component\\Console\\Input\\ArgvInput), Object(Symfony\\Component\\Console\\Output\\ConsoleOutput))
#27 /home/dfyne/dfyne-lab6/services/promotions/vendor/laravel/framework/src/Illuminate/Foundation/Application.php(1235): Illuminate\\Foundation\\Console\\Kernel->handle(Object(Symfony\\Component\\Console\\Input\\ArgvInput), Object(Symfony\\Component\\Console\\Output\\ConsoleOutput))
#28 /home/dfyne/dfyne-lab6/services/promotions/artisan(16): Illuminate\\Foundation\\Application->handleCommand(Object(Symfony\\Component\\Console\\Input\\ArgvInput))
#29 {main}

[previous exception] [object] (PDOException(code: 7): SQLSTATE[08006] [7] connection to server at \"127.0.0.1\", port 5432 failed: Connection refused
\tIs the server running on that host and accepting TCP/IP connections? at /home/dfyne/dfyne-lab6/services/promotions/vendor/laravel/framework/src/Illuminate/Database/Connectors/Connector.php:67)
[stacktrace]
#0 /home/dfyne/dfyne-lab6/services/promotions/vendor/laravel/framework/src/Illuminate/Database/Connectors/Connector.php(67): PDO::connect('pgsql:host=127....', 'root', Object(SensitiveParameterValue), Array)
#1 /home/dfyne/dfyne-lab6/services/promotions/vendor/laravel/framework/src/Illuminate/Database/Connectors/Connector.php(44): Illuminate\\Database\\Connectors\\Connector->createPdoConnection('pgsql:host=127....', 'root', Object(SensitiveParameterValue), Array)
#2 /home/dfyne/dfyne-lab6/services/promotions/vendor/laravel/framework/src/Illuminate/Database/Connectors/PostgresConnector.php(35): Illuminate\\Database\\Connectors\\Connector->createConnection('pgsql:host=127....', Array, Array)
#3 /home/dfyne/dfyne-lab6/services/promotions/vendor/laravel/framework/src/Illuminate/Database/Connectors/ConnectionFactory.php(220): Illuminate\\Database\\Connectors\\PostgresConnector->connect(Array)
#4 [internal function]: Illuminate\\Database\\Connectors\\ConnectionFactory->{closure:Illuminate\\Database\\Connectors\\ConnectionFactory::createPdoResolverWithHosts():213}()
#5 /home/dfyne/dfyne-lab6/services/promotions/vendor/laravel/framework/src/Illuminate/Database/Connection.php(1297): call_user_func(Object(Closure))
#6 /home/dfyne/dfyne-lab6/services/promotions/vendor/laravel/framework/src/Illuminate/Database/Connection.php(1335): Illuminate\\Database\\Connection->getPdo()
#7 /home/dfyne/dfyne-lab6/services/promotions/vendor/laravel/framework/src/Illuminate/Database/Connection.php(542): Illuminate\\Database\\Connection->getReadPdo()
#8 /home/dfyne/dfyne-lab6/services/promotions/vendor/laravel/framework/src/Illuminate/Database/Connection.php(435): Illuminate\\Database\\Connection->getPdoForSelect(true)
#9 /home/dfyne/dfyne-lab6/services/promotions/vendor/laravel/framework/src/Illuminate/Database/Connection.php(846): Illuminate\\Database\\Connection->{closure:Illuminate\\Database\\Connection::select():426}('select exists (...', Array)
#10 /home/dfyne/dfyne-lab6/services/promotions/vendor/laravel/framework/src/Illuminate/Database/Connection.php(813): Illuminate\\Database\\Connection->runQueryCallback('select exists (...', Array, Object(Closure))
#11 /home/dfyne/dfyne-lab6/services/promotions/vendor/laravel/framework/src/Illuminate/Database/Connection.php(426): Illuminate\\Database\\Connection->run('select exists (...', Array, Object(Closure))
#12 /home/dfyne/dfyne-lab6/services/promotions/vendor/laravel/framework/src/Illuminate/Database/Connection.php(371): Illuminate\\Database\\Connection->select('select exists (...', Array, true)
#13 /home/dfyne/dfyne-lab6/services/promotions/vendor/laravel/framework/src/Illuminate/Database/Connection.php(388): Illuminate\\Database\\Connection->selectOne('select exists (...', Array, true)
#14 /home/dfyne/dfyne-lab6/services/promotions/vendor/laravel/framework/src/Illuminate/Database/Schema/Builder.php(176): Illuminate\\Database\\Connection->scalar('select exists (...')
#15 /home/dfyne/dfyne-lab6/services/promotions/vendor/laravel/framework/src/Illuminate/Database/Migrations/DatabaseMigrationRepository.php(185): Illuminate\\Database\\Schema\\Builder->hasTable('migrations')
#16 /home/dfyne/dfyne-lab6/services/promotions/vendor/laravel/framework/src/Illuminate/Database/Migrations/Migrator.php(797): Illuminate\\Database\\Migrations\\DatabaseMigrationRepository->repositoryExists()
#17 /home/dfyne/dfyne-lab6/services/promotions/vendor/laravel/framework/src/Illuminate/Database/Console/Migrations/MigrateCommand.php(166): Illuminate\\Database\\Migrations\\Migrator->repositoryExists()
#18 /home/dfyne/dfyne-lab6/services/promotions/vendor/laravel/framework/src/Illuminate/Support/helpers.php(328): Illuminate\\Database\\Console\\Migrations\\MigrateCommand->{closure:Illuminate\\Database\\Console\\Migrations\\MigrateCommand::repositoryExists():166}(1)
#19 /home/dfyne/dfyne-lab6/services/promotions/vendor/laravel/framework/src/Illuminate/Database/Console/Migrations/MigrateCommand.php(166): retry(1, Object(Closure), 0, Object(Closure))
#20 /home/dfyne/dfyne-lab6/services/promotions/vendor/laravel/framework/src/Illuminate/Database/Console/Migrations/MigrateCommand.php(142): Illuminate\\Database\\Console\\Migrations\\MigrateCommand->repositoryExists()
#21 /home/dfyne/dfyne-lab6/services/promotions/vendor/laravel/framework/src/Illuminate/Database/Console/Migrations/MigrateCommand.php(112): Illuminate\\Database\\Console\\Migrations\\MigrateCommand->prepareDatabase()
#22 /home/dfyne/dfyne-lab6/services/promotions/vendor/laravel/framework/src/Illuminate/Database/Migrations/Migrator.php(672): Illuminate\\Database\\Console\\Migrations\\MigrateCommand->{closure:Illuminate\\Database\\Console\\Migrations\\MigrateCommand::runMigrations():111}()
#23 /home/dfyne/dfyne-lab6/services/promotions/vendor/laravel/framework/src/Illuminate/Database/Console/Migrations/MigrateCommand.php(111): Illuminate\\Database\\Migrations\\Migrator->usingConnection(NULL, Object(Closure))
#24 /home/dfyne/dfyne-lab6/services/promotions/vendor/laravel/framework/src/Illuminate/Database/Console/Migrations/MigrateCommand.php(90): Illuminate\\Database\\Console\\Migrations\\MigrateCommand->runMigrations()
#25 /home/dfyne/dfyne-lab6/services/promotions/vendor/laravel/framework/src/Illuminate/Container/BoundMethod.php(36): Illuminate\\Database\\Console\\Migrations\\MigrateCommand->handle()
#26 /home/dfyne/dfyne-lab6/services/promotions/vendor/laravel/framework/src/Illuminate/Container/Util.php(43): Illuminate\\Container\\BoundMethod::{closure:Illuminate\\Container\\BoundMethod::call():35}()
#27 /home/dfyne/dfyne-lab6/services/promotions/vendor/laravel/framework/src/Illuminate/Container/BoundMethod.php(96): Illuminate\\Container\\Util::unwrapIfClosure(Object(Closure))
#28 /home/dfyne/dfyne-lab6/services/promotions/vendor/laravel/framework/src/Illuminate/Container/BoundMethod.php(35): Illuminate\\Container\\BoundMethod::callBoundMethod(Object(Illuminate\\Foundation\\Application), Array, Object(Closure))
#29 /home/dfyne/dfyne-lab6/services/promotions/vendor/laravel/framework/src/Illuminate/Container/Container.php(799): Illuminate\\Container\\BoundMethod::call(Object(Illuminate\\Foundation\\Application), Array, Array, NULL)
#30 /home/dfyne/dfyne-lab6/services/promotions/vendor/laravel/framework/src/Illuminate/Console/Command.php(280): Illuminate\\Container\\Container->call(Array)
#31 /home/dfyne/dfyne-lab6/services/promotions/vendor/symfony/console/Command/Command.php(284): Illuminate\\Console\\Command->execute(Object(Symfony\\Component\\Console\\Input\\ArgvInput), Object(Illuminate\\Console\\OutputStyle))
#32 /home/dfyne/dfyne-lab6/services/promotions/vendor/laravel/framework/src/Illuminate/Console/Command.php(249): Symfony\\Component\\Console\\Command\\Command->run(Object(Symfony\\Component\\Console\\Input\\ArgvInput), Object(Illuminate\\Console\\OutputStyle))
#33 /home/dfyne/dfyne-lab6/services/promotions/vendor/symfony/console/Application.php(1144): Illuminate\\Console\\Command->run(Object(Symfony\\Component\\Console\\Input\\ArgvInput), Object(Symfony\\Component\\Console\\Output\\ConsoleOutput))
#34 /home/dfyne/dfyne-lab6/services/promotions/vendor/symfony/console/Application.php(379): Symfony\\Component\\Console\\Application->doRunCommand(Object(Illuminate\\Database\\Console\\Migrations\\MigrateCommand), Object(Symfony\\Component\\Console\\Input\\ArgvInput), Object(Symfony\\Component\\Console\\Output\\ConsoleOutput))
#35 /home/dfyne/dfyne-lab6/services/promotions/vendor/symfony/console/Application.php(218): Symfony\\Component\\Console\\Application->doRun(Object(Symfony\\Component\\Console\\Input\\ArgvInput), Object(Symfony\\Component\\Console\\Output\\ConsoleOutput))
#36 /home/dfyne/dfyne-lab6/services/promotions/vendor/laravel/framework/src/Illuminate/Foundation/Console/Kernel.php(198): Symfony\\Component\\Console\\Application->run(Object(Symfony\\Component\\Console\\Input\\ArgvInput), Object(Symfony\\Component\\Console\\Output\\ConsoleOutput))
#37 /home/dfyne/dfyne-lab6/services/promotions/vendor/laravel/framework/src/Illuminate/Foundation/Application.php(1235): Illuminate\\Foundation\\Console\\Kernel->handle(Object(Symfony\\Component\\Console\\Input\\ArgvInput), Object(Symfony\\Component\\Console\\Output\\ConsoleOutput))
#38 /home/dfyne/dfyne-lab6/services/promotions/artisan(16): Illuminate\\Foundation\\Application->handleCommand(Object(Symfony\\Component\\Console\\Input\\ArgvInput))
#39 {main}
"} 
[2026-06-29 10:22:20] local.ERROR: Required. {"exception":"[object] (Laravel\\Prompts\\Exceptions\\NonInteractiveValidationException(code: 0): Required. at /home/dfyne/dfyne-lab6/services/promotions/vendor/laravel/prompts/src/Concerns/Interactivity.php:32)
[stacktrace]
#0 /home/dfyne/dfyne-lab6/services/promotions/vendor/laravel/prompts/src/Prompt.php(114): Laravel\\Prompts\\Prompt->default()
#1 /home/dfyne/dfyne-lab6/services/promotions/vendor/laravel/prompts/src/helpers.php(131): Laravel\\Prompts\\Prompt->prompt()
#2 /home/dfyne/dfyne-lab6/services/promotions/vendor/laravel/boost/src/Console/InstallCommand.php(304): Laravel\\Prompts\\multiselect('Which AI agents...', Array, Array, 11, true)
#3 /home/dfyne/dfyne-lab6/services/promotions/vendor/laravel/boost/src/Console/InstallCommand.php(116): Laravel\\Boost\\Console\\InstallCommand->selectAgents()
#4 /home/dfyne/dfyne-lab6/services/promotions/vendor/laravel/boost/src/Console/InstallCommand.php(89): Laravel\\Boost\\Console\\InstallCommand->collectInstallationPreferences()
#5 /home/dfyne/dfyne-lab6/services/promotions/vendor/laravel/framework/src/Illuminate/Container/BoundMethod.php(36): Laravel\\Boost\\Console\\InstallCommand->handle()
#6 /home/dfyne/dfyne-lab6/services/promotions/vendor/laravel/framework/src/Illuminate/Container/Util.php(43): Illuminate\\Container\\BoundMethod::{closure:Illuminate\\Container\\BoundMethod::call():35}()
#7 /home/dfyne/dfyne-lab6/services/promotions/vendor/laravel/framework/src/Illuminate/Container/BoundMethod.php(96): Illuminate\\Container\\Util::unwrapIfClosure(Object(Closure))
#8 /home/dfyne/dfyne-lab6/services/promotions/vendor/laravel/framework/src/Illuminate/Container/BoundMethod.php(35): Illuminate\\Container\\BoundMethod::callBoundMethod(Object(Illuminate\\Foundation\\Application), Array, Object(Closure))
#9 /home/dfyne/dfyne-lab6/services/promotions/vendor/laravel/framework/src/Illuminate/Container/Container.php(799): Illuminate\\Container\\BoundMethod::call(Object(Illuminate\\Foundation\\Application), Array, Array, NULL)
#10 /home/dfyne/dfyne-lab6/services/promotions/vendor/laravel/framework/src/Illuminate/Console/Command.php(280): Illuminate\\Container\\Container->call(Array)
#11 /home/dfyne/dfyne-lab6/services/promotions/vendor/symfony/console/Command/Command.php(284): Illuminate\\Console\\Command->execute(Object(Symfony\\Component\\Console\\Input\\ArgvInput), Object(Illuminate\\Console\\OutputStyle))
#12 /home/dfyne/dfyne-lab6/services/promotions/vendor/laravel/framework/src/Illuminate/Console/Command.php(249): Symfony\\Component\\Console\\Command\\Command->run(Object(Symfony\\Component\\Console\\Input\\ArgvInput), Object(Illuminate\\Console\\OutputStyle))
#13 /home/dfyne/dfyne-lab6/services/promotions/vendor/symfony/console/Application.php(1144): Illuminate\\Console\\Command->run(Object(Symfony\\Component\\Console\\Input\\ArgvInput), Object(Symfony\\Component\\Console\\Output\\ConsoleOutput))
#14 /home/dfyne/dfyne-lab6/services/promotions/vendor/symfony/console/Application.php(379): Symfony\\Component\\Console\\Application->doRunCommand(Object(Laravel\\Boost\\Console\\InstallCommand), Object(Symfony\\Component\\Console\\Input\\ArgvInput), Object(Symfony\\Component\\Console\\Output\\ConsoleOutput))
#15 /home/dfyne/dfyne-lab6/services/promotions/vendor/symfony/console/Application.php(218): Symfony\\Component\\Console\\Application->doRun(Object(Symfony\\Component\\Console\\Input\\ArgvInput), Object(Symfony\\Component\\Console\\Output\\ConsoleOutput))
#16 /home/dfyne/dfyne-lab6/services/promotions/vendor/laravel/framework/src/Illuminate/Foundation/Console/Kernel.php(198): Symfony\\Component\\Console\\Application->run(Object(Symfony\\Component\\Console\\Input\\ArgvInput), Object(Symfony\\Component\\Console\\Output\\ConsoleOutput))
#17 /home/dfyne/dfyne-lab6/services/promotions/vendor/laravel/framework/src/Illuminate/Foundation/Application.php(1235): Illuminate\\Foundation\\Console\\Kernel->handle(Object(Symfony\\Component\\Console\\Input\\ArgvInput), Object(Symfony\\Component\\Console\\Output\\ConsoleOutput))
#18 /home/dfyne/dfyne-lab6/services/promotions/artisan(16): Illuminate\\Foundation\\Application->handleCommand(Object(Symfony\\Component\\Console\\Input\\ArgvInput))
#19 {main}
"} 
[2026-06-29 10:22:33] local.ERROR: SQLSTATE[08006] [7] connection to server at "127.0.0.1", port 5432 failed: Connection refused
	Is the server running on that host and accepting TCP/IP connections? (Connection: pgsql, Host: 127.0.0.1, Port: 5432, Database: promotions, SQL: select * from "cache" where "key" in (laravel-cache-illuminate:queue:paused:database:default)) {"exception":"[object] (Illuminate\\Database\\QueryException(code: 7): SQLSTATE[08006] [7] connection to server at \"127.0.0.1\", port 5432 failed: Connection refused
\tIs the server running on that host and accepting TCP/IP connections? (Connection: pgsql, Host: 127.0.0.1, Port: 5432, Database: promotions, SQL: select * from \"cache\" where \"key\" in (laravel-cache-illuminate:queue:paused:database:default)) at /home/dfyne/dfyne-lab6/services/promotions/vendor/laravel/framework/src/Illuminate/Database/Connection.php:857)
[stacktrace]
#0 /home/dfyne/dfyne-lab6/services/promotions/vendor/laravel/framework/src/Illuminate/Database/Connection.php(813): Illuminate\\Database\\Connection->runQueryCallback('select * from \"...', Array, Object(Closure))
#1 /home/dfyne/dfyne-lab6/services/promotions/vendor/laravel/framework/src/Illuminate/Database/Connection.php(426): Illuminate\\Database\\Connection->run('select * from \"...', Array, Object(Closure))
#2 /home/dfyne/dfyne-lab6/services/promotions/vendor/laravel/framework/src/Illuminate/Database/Query/Builder.php(3573): Illuminate\\Database\\Connection->select('select * from \"...', Array, true, Array)
#3 /home/dfyne/dfyne-lab6/services/promotions/vendor/laravel/framework/src/Illuminate/Database/Query/Builder.php(3557): Illuminate\\Database\\Query\\Builder->runSelect()
#4 /home/dfyne/dfyne-lab6/services/promotions/vendor/laravel/framework/src/Illuminate/Cache/DatabaseStore.php(142): Illuminate\\Database\\Query\\Builder->get()
#5 /home/dfyne/dfyne-lab6/services/promotions/vendor/laravel/framework/src/Illuminate/Cache/Repository.php(167): Illuminate\\Cache\\DatabaseStore->many(Array)
#6 /home/dfyne/dfyne-lab6/services/promotions/vendor/laravel/framework/src/Illuminate/Queue/QueueManager.php(298): Illuminate\\Cache\\Repository->many(Array)
#7 /home/dfyne/dfyne-lab6/services/promotions/vendor/laravel/framework/src/Illuminate/Queue/Worker.php(483): Illuminate\\Queue\\QueueManager->getPausedQueues('database', Array)
#8 /home/dfyne/dfyne-lab6/services/promotions/vendor/laravel/framework/src/Illuminate/Queue/Worker.php(444): Illuminate\\Queue\\Worker->getPausedQueues('database', Array)
#9 /home/dfyne/dfyne-lab6/services/promotions/vendor/laravel/framework/src/Illuminate/Queue/Worker.php(404): Illuminate\\Queue\\Worker->getNextJob(Object(Illuminate\\Queue\\DatabaseQueue), 'default')
#10 /home/dfyne/dfyne-lab6/services/promotions/vendor/laravel/framework/src/Illuminate/Queue/Console/WorkCommand.php(149): Illuminate\\Queue\\Worker->runNextJob('database', 'default', Object(Illuminate\\Queue\\WorkerOptions))
#11 /home/dfyne/dfyne-lab6/services/promotions/vendor/laravel/framework/src/Illuminate/Queue/Console/WorkCommand.php(132): Illuminate\\Queue\\Console\\WorkCommand->runWorker('database', 'default')
#12 /home/dfyne/dfyne-lab6/services/promotions/vendor/laravel/framework/src/Illuminate/Container/BoundMethod.php(36): Illuminate\\Queue\\Console\\WorkCommand->handle()
#13 /home/dfyne/dfyne-lab6/services/promotions/vendor/laravel/framework/src/Illuminate/Container/Util.php(43): Illuminate\\Container\\BoundMethod::{closure:Illuminate\\Container\\BoundMethod::call():35}()
#14 /home/dfyne/dfyne-lab6/services/promotions/vendor/laravel/framework/src/Illuminate/Container/BoundMethod.php(96): Illuminate\\Container\\Util::unwrapIfClosure(Object(Closure))
#15 /home/dfyne/dfyne-lab6/services/promotions/vendor/laravel/framework/src/Illuminate/Container/BoundMethod.php(35): Illuminate\\Container\\BoundMethod::callBoundMethod(Object(Illuminate\\Foundation\\Application), Array, Object(Closure))
#16 /home/dfyne/dfyne-lab6/services/promotions/vendor/laravel/framework/src/Illuminate/Container/Container.php(799): Illuminate\\Container\\BoundMethod::call(Object(Illuminate\\Foundation\\Application), Array, Array, NULL)
#17 /home/dfyne/dfyne-lab6/services/promotions/vendor/laravel/framework/src/Illuminate/Console/Command.php(280): Illuminate\\Container\\Container->call(Array)
#18 /home/dfyne/dfyne-lab6/services/promotions/vendor/symfony/console/Command/Command.php(284): Illuminate\\Console\\Command->execute(Object(Symfony\\Component\\Console\\Input\\ArgvInput), Object(Illuminate\\Console\\OutputStyle))
#19 /home/dfyne/dfyne-lab6/services/promotions/vendor/laravel/framework/src/Illuminate/Console/Command.php(249): Symfony\\Component\\Console\\Command\\Command->run(Object(Symfony\\Component\\Console\\Input\\ArgvInput), Object(Illuminate\\Console\\OutputStyle))
#20 /home/dfyne/dfyne-lab6/services/promotions/vendor/symfony/console/Application.php(1144): Illuminate\\Console\\Command->run(Object(Symfony\\Component\\Console\\Input\\ArgvInput), Object(Symfony\\Component\\Console\\Output\\ConsoleOutput))
#21 /home/dfyne/dfyne-lab6/services/promotions/vendor/symfony/console/Application.php(379): Symfony\\Component\\Console\\Application->doRunCommand(Object(Illuminate\\Queue\\Console\\WorkCommand), Object(Symfony\\Component\\Console\\Input\\ArgvInput), Object(Symfony\\Component\\Console\\Output\\ConsoleOutput))
#22 /home/dfyne/dfyne-lab6/services/promotions/vendor/symfony/console/Application.php(218): Symfony\\Component\\Console\\Application->doRun(Object(Symfony\\Component\\Console\\Input\\ArgvInput), Object(Symfony\\Component\\Console\\Output\\ConsoleOutput))
#23 /home/dfyne/dfyne-lab6/services/promotions/vendor/laravel/framework/src/Illuminate/Foundation/Console/Kernel.php(198): Symfony\\Component\\Console\\Application->run(Object(Symfony\\Component\\Console\\Input\\ArgvInput), Object(Symfony\\Component\\Console\\Output\\ConsoleOutput))
#24 /home/dfyne/dfyne-lab6/services/promotions/vendor/laravel/framework/src/Illuminate/Foundation/Application.php(1235): Illuminate\\Foundation\\Console\\Kernel->handle(Object(Symfony\\Component\\Console\\Input\\ArgvInput), Object(Symfony\\Component\\Console\\Output\\ConsoleOutput))
#25 /home/dfyne/dfyne-lab6/services/promotions/artisan(16): Illuminate\\Foundation\\Application->handleCommand(Object(Symfony\\Component\\Console\\Input\\ArgvInput))
#26 {main}

[previous exception] [object] (PDOException(code: 7): SQLSTATE[08006] [7] connection to server at \"127.0.0.1\", port 5432 failed: Connection refused
\tIs the server running on that host and accepting TCP/IP connections? at /home/dfyne/dfyne-lab6/services/promotions/vendor/laravel/framework/src/Illuminate/Database/Connectors/Connector.php:67)
[stacktrace]
#0 /home/dfyne/dfyne-lab6/services/promotions/vendor/laravel/framework/src/Illuminate/Database/Connectors/Connector.php(67): PDO::connect('pgsql:host=127....', 'root', Object(SensitiveParameterValue), Array)
#1 /home/dfyne/dfyne-lab6/services/promotions/vendor/laravel/framework/src/Illuminate/Database/Connectors/Connector.php(44): Illuminate\\Database\\Connectors\\Connector->createPdoConnection('pgsql:host=127....', 'root', Object(SensitiveParameterValue), Array)
#2 /home/dfyne/dfyne-lab6/services/promotions/vendor/laravel/framework/src/Illuminate/Database/Connectors/PostgresConnector.php(35): Illuminate\\Database\\Connectors\\Connector->createConnection('pgsql:host=127....', Array, Array)
#3 /home/dfyne/dfyne-lab6/services/promotions/vendor/laravel/framework/src/Illuminate/Database/Connectors/ConnectionFactory.php(220): Illuminate\\Database\\Connectors\\PostgresConnector->connect(Array)
#4 [internal function]: Illuminate\\Database\\Connectors\\ConnectionFactory->{closure:Illuminate\\Database\\Connectors\\ConnectionFactory::createPdoResolverWithHosts():213}()
#5 /home/dfyne/dfyne-lab6/services/promotions/vendor/laravel/framework/src/Illuminate/Database/Connection.php(1297): call_user_func(Object(Closure))
#6 /home/dfyne/dfyne-lab6/services/promotions/vendor/laravel/framework/src/Illuminate/Database/Connection.php(1335): Illuminate\\Database\\Connection->getPdo()
#7 /home/dfyne/dfyne-lab6/services/promotions/vendor/laravel/framework/src/Illuminate/Database/Connection.php(542): Illuminate\\Database\\Connection->getReadPdo()
#8 /home/dfyne/dfyne-lab6/services/promotions/vendor/laravel/framework/src/Illuminate/Database/Connection.php(435): Illuminate\\Database\\Connection->getPdoForSelect(true)
#9 /home/dfyne/dfyne-lab6/services/promotions/vendor/laravel/framework/src/Illuminate/Database/Connection.php(846): Illuminate\\Database\\Connection->{closure:Illuminate\\Database\\Connection::select():426}('select * from \"...', Array)
#10 /home/dfyne/dfyne-lab6/services/promotions/vendor/laravel/framework/src/Illuminate/Database/Connection.php(813): Illuminate\\Database\\Connection->runQueryCallback('select * from \"...', Array, Object(Closure))
#11 /home/dfyne/dfyne-lab6/services/promotions/vendor/laravel/framework/src/Illuminate/Database/Connection.php(426): Illuminate\\Database\\Connection->run('select * from \"...', Array, Object(Closure))
#12 /home/dfyne/dfyne-lab6/services/promotions/vendor/laravel/framework/src/Illuminate/Database/Query/Builder.php(3573): Illuminate\\Database\\Connection->select('select * from \"...', Array, true, Array)
#13 /home/dfyne/dfyne-lab6/services/promotions/vendor/laravel/framework/src/Illuminate/Database/Query/Builder.php(3557): Illuminate\\Database\\Query\\Builder->runSelect()
#14 /home/dfyne/dfyne-lab6/services/promotions/vendor/laravel/framework/src/Illuminate/Cache/DatabaseStore.php(142): Illuminate\\Database\\Query\\Builder->get()
#15 /home/dfyne/dfyne-lab6/services/promotions/vendor/laravel/framework/src/Illuminate/Cache/Repository.php(167): Illuminate\\Cache\\DatabaseStore->many(Array)
#16 /home/dfyne/dfyne-lab6/services/promotions/vendor/laravel/framework/src/Illuminate/Queue/QueueManager.php(298): Illuminate\\Cache\\Repository->many(Array)
#17 /home/dfyne/dfyne-lab6/services/promotions/vendor/laravel/framework/src/Illuminate/Queue/Worker.php(483): Illuminate\\Queue\\QueueManager->getPausedQueues('database', Array)
#18 /home/dfyne/dfyne-lab6/services/promotions/vendor/laravel/framework/src/Illuminate/Queue/Worker.php(444): Illuminate\\Queue\\Worker->getPausedQueues('database', Array)
#19 /home/dfyne/dfyne-lab6/services/promotions/vendor/laravel/framework/src/Illuminate/Queue/Worker.php(404): Illuminate\\Queue\\Worker->getNextJob(Object(Illuminate\\Queue\\DatabaseQueue), 'default')
#20 /home/dfyne/dfyne-lab6/services/promotions/vendor/laravel/framework/src/Illuminate/Queue/Console/WorkCommand.php(149): Illuminate\\Queue\\Worker->runNextJob('database', 'default', Object(Illuminate\\Queue\\WorkerOptions))
#21 /home/dfyne/dfyne-lab6/services/promotions/vendor/laravel/framework/src/Illuminate/Queue/Console/WorkCommand.php(132): Illuminate\\Queue\\Console\\WorkCommand->runWorker('database', 'default')
#22 /home/dfyne/dfyne-lab6/services/promotions/vendor/laravel/framework/src/Illuminate/Container/BoundMethod.php(36): Illuminate\\Queue\\Console\\WorkCommand->handle()
#23 /home/dfyne/dfyne-lab6/services/promotions/vendor/laravel/framework/src/Illuminate/Container/Util.php(43): Illuminate\\Container\\BoundMethod::{closure:Illuminate\\Container\\BoundMethod::call():35}()
#24 /home/dfyne/dfyne-lab6/services/promotions/vendor/laravel/framework/src/Illuminate/Container/BoundMethod.php(96): Illuminate\\Container\\Util::unwrapIfClosure(Object(Closure))
#25 /home/dfyne/dfyne-lab6/services/promotions/vendor/laravel/framework/src/Illuminate/Container/BoundMethod.php(35): Illuminate\\Container\\BoundMethod::callBoundMethod(Object(Illuminate\\Foundation\\Application), Array, Object(Closure))
#26 /home/dfyne/dfyne-lab6/services/promotions/vendor/laravel/framework/src/Illuminate/Container/Container.php(799): Illuminate\\Container\\BoundMethod::call(Object(Illuminate\\Foundation\\Application), Array, Array, NULL)
#27 /home/dfyne/dfyne-lab6/services/promotions/vendor/laravel/framework/src/Illuminate/Console/Command.php(280): Illuminate\\Container\\Container->call(Array)
#28 /home/dfyne/dfyne-lab6/services/promotions/vendor/symfony/console/Command/Command.php(284): Illuminate\\Console\\Command->execute(Object(Symfony\\Component\\Console\\Input\\ArgvInput), Object(Illuminate\\Console\\OutputStyle))
#29 /home/dfyne/dfyne-lab6/services/promotions/vendor/laravel/framework/src/Illuminate/Console/Command.php(249): Symfony\\Component\\Console\\Command\\Command->run(Object(Symfony\\Component\\Console\\Input\\ArgvInput), Object(Illuminate\\Console\\OutputStyle))
#30 /home/dfyne/dfyne-lab6/services/promotions/vendor/symfony/console/Application.php(1144): Illuminate\\Console\\Command->run(Object(Symfony\\Component\\Console\\Input\\ArgvInput), Object(Symfony\\Component\\Console\\Output\\ConsoleOutput))
#31 /home/dfyne/dfyne-lab6/services/promotions/vendor/symfony/console/Application.php(379): Symfony\\Component\\Console\\Application->doRunCommand(Object(Illuminate\\Queue\\Console\\WorkCommand), Object(Symfony\\Component\\Console\\Input\\ArgvInput), Object(Symfony\\Component\\Console\\Output\\ConsoleOutput))
#32 /home/dfyne/dfyne-lab6/services/promotions/vendor/symfony/console/Application.php(218): Symfony\\Component\\Console\\Application->doRun(Object(Symfony\\Component\\Console\\Input\\ArgvInput), Object(Symfony\\Component\\Console\\Output\\ConsoleOutput))
#33 /home/dfyne/dfyne-lab6/services/promotions/vendor/laravel/framework/src/Illuminate/Foundation/Console/Kernel.php(198): Symfony\\Component\\Console\\Application->run(Object(Symfony\\Component\\Console\\Input\\ArgvInput), Object(Symfony\\Component\\Console\\Output\\ConsoleOutput))
#34 /home/dfyne/dfyne-lab6/services/promotions/vendor/laravel/framework/src/Illuminate/Foundation/Application.php(1235): Illuminate\\Foundation\\Console\\Kernel->handle(Object(Symfony\\Component\\Console\\Input\\ArgvInput), Object(Symfony\\Component\\Console\\Output\\ConsoleOutput))
#35 /home/dfyne/dfyne-lab6/services/promotions/artisan(16): Illuminate\\Foundation\\Application->handleCommand(Object(Symfony\\Component\\Console\\Input\\ArgvInput))
#36 {main}
"} 
[2026-06-29 10:22:37] local.ERROR: SQLSTATE[08006] [7] connection to server at "127.0.0.1", port 5432 failed: Connection refused
	Is the server running on that host and accepting TCP/IP connections? (Connection: pgsql, Host: 127.0.0.1, Port: 5432, Database: promotions, SQL: select * from "cache" where "key" in (laravel-cache-illuminate:queue:paused:database:default)) {"exception":"[object] (Illuminate\\Database\\QueryException(code: 7): SQLSTATE[08006] [7] connection to server at \"127.0.0.1\", port 5432 failed: Connection refused
\tIs the server running on that host and accepting TCP/IP connections? (Connection: pgsql, Host: 127.0.0.1, Port: 5432, Database: promotions, SQL: select * from \"cache\" where \"key\" in (laravel-cache-illuminate:queue:paused:database:default)) at /home/dfyne/dfyne-lab6/services/promotions/vendor/laravel/framework/src/Illuminate/Database/Connection.php:857)
[stacktrace]
#0 /home/dfyne/dfyne-lab6/services/promotions/vendor/laravel/framework/src/Illuminate/Database/Connection.php(813): Illuminate\\Database\\Connection->runQueryCallback('select * from \"...', Array, Object(Closure))
#1 /home/dfyne/dfyne-lab6/services/promotions/vendor/laravel/framework/src/Illuminate/Database/Connection.php(426): Illuminate\\Database\\Connection->run('select * from \"...', Array, Object(Closure))
#2 /home/dfyne/dfyne-lab6/services/promotions/vendor/laravel/framework/src/Illuminate/Database/Query/Builder.php(3573): Illuminate\\Database\\Connection->select('select * from \"...', Array, true, Array)
#3 /home/dfyne/dfyne-lab6/services/promotions/vendor/laravel/framework/src/Illuminate/Database/Query/Builder.php(3557): Illuminate\\Database\\Query\\Builder->runSelect()
#4 /home/dfyne/dfyne-lab6/services/promotions/vendor/laravel/framework/src/Illuminate/Cache/DatabaseStore.php(142): Illuminate\\Database\\Query\\Builder->get()
#5 /home/dfyne/dfyne-lab6/services/promotions/vendor/laravel/framework/src/Illuminate/Cache/Repository.php(167): Illuminate\\Cache\\DatabaseStore->many(Array)
#6 /home/dfyne/dfyne-lab6/services/promotions/vendor/laravel/framework/src/Illuminate/Queue/QueueManager.php(298): Illuminate\\Cache\\Repository->many(Array)
#7 /home/dfyne/dfyne-lab6/services/promotions/vendor/laravel/framework/src/Illuminate/Queue/Worker.php(483): Illuminate\\Queue\\QueueManager->getPausedQueues('database', Array)
#8 /home/dfyne/dfyne-lab6/services/promotions/vendor/laravel/framework/src/Illuminate/Queue/Worker.php(444): Illuminate\\Queue\\Worker->getPausedQueues('database', Array)
#9 /home/dfyne/dfyne-lab6/services/promotions/vendor/laravel/framework/src/Illuminate/Queue/Worker.php(404): Illuminate\\Queue\\Worker->getNextJob(Object(Illuminate\\Queue\\DatabaseQueue), 'default')
#10 /home/dfyne/dfyne-lab6/services/promotions/vendor/laravel/framework/src/Illuminate/Queue/Console/WorkCommand.php(149): Illuminate\\Queue\\Worker->runNextJob('database', 'default', Object(Illuminate\\Queue\\WorkerOptions))
#11 /home/dfyne/dfyne-lab6/services/promotions/vendor/laravel/framework/src/Illuminate/Queue/Console/WorkCommand.php(132): Illuminate\\Queue\\Console\\WorkCommand->runWorker('database', 'default')
#12 /home/dfyne/dfyne-lab6/services/promotions/vendor/laravel/framework/src/Illuminate/Container/BoundMethod.php(36): Illuminate\\Queue\\Console\\WorkCommand->handle()
#13 /home/dfyne/dfyne-lab6/services/promotions/vendor/laravel/framework/src/Illuminate/Container/Util.php(43): Illuminate\\Container\\BoundMethod::{closure:Illuminate\\Container\\BoundMethod::call():35}()
#14 /home/dfyne/dfyne-lab6/services/promotions/vendor/laravel/framework/src/Illuminate/Container/BoundMethod.php(96): Illuminate\\Container\\Util::unwrapIfClosure(Object(Closure))
#15 /home/dfyne/dfyne-lab6/services/promotions/vendor/laravel/framework/src/Illuminate/Container/BoundMethod.php(35): Illuminate\\Container\\BoundMethod::callBoundMethod(Object(Illuminate\\Foundation\\Application), Array, Object(Closure))
#16 /home/dfyne/dfyne-lab6/services/promotions/vendor/laravel/framework/src/Illuminate/Container/Container.php(799): Illuminate\\Container\\BoundMethod::call(Object(Illuminate\\Foundation\\Application), Array, Array, NULL)
#17 /home/dfyne/dfyne-lab6/services/promotions/vendor/laravel/framework/src/Illuminate/Console/Command.php(280): Illuminate\\Container\\Container->call(Array)
#18 /home/dfyne/dfyne-lab6/services/promotions/vendor/symfony/console/Command/Command.php(284): Illuminate\\Console\\Command->execute(Object(Symfony\\Component\\Console\\Input\\ArgvInput), Object(Illuminate\\Console\\OutputStyle))
#19 /home/dfyne/dfyne-lab6/services/promotions/vendor/laravel/framework/src/Illuminate/Console/Command.php(249): Symfony\\Component\\Console\\Command\\Command->run(Object(Symfony\\Component\\Console\\Input\\ArgvInput), Object(Illuminate\\Console\\OutputStyle))
#20 /home/dfyne/dfyne-lab6/services/promotions/vendor/symfony/console/Application.php(1144): Illuminate\\Console\\Command->run(Object(Symfony\\Component\\Console\\Input\\ArgvInput), Object(Symfony\\Component\\Console\\Output\\ConsoleOutput))
#21 /home/dfyne/dfyne-lab6/services/promotions/vendor/symfony/console/Application.php(379): Symfony\\Component\\Console\\Application->doRunCommand(Object(Illuminate\\Queue\\Console\\WorkCommand), Object(Symfony\\Component\\Console\\Input\\ArgvInput), Object(Symfony\\Component\\Console\\Output\\ConsoleOutput))
#22 /home/dfyne/dfyne-lab6/services/promotions/vendor/symfony/console/Application.php(218): Symfony\\Component\\Console\\Application->doRun(Object(Symfony\\Component\\Console\\Input\\ArgvInput), Object(Symfony\\Component\\Console\\Output\\ConsoleOutput))
#23 /home/dfyne/dfyne-lab6/services/promotions/vendor/laravel/framework/src/Illuminate/Foundation/Console/Kernel.php(198): Symfony\\Component\\Console\\Application->run(Object(Symfony\\Component\\Console\\Input\\ArgvInput), Object(Symfony\\Component\\Console\\Output\\ConsoleOutput))
#24 /home/dfyne/dfyne-lab6/services/promotions/vendor/laravel/framework/src/Illuminate/Foundation/Application.php(1235): Illuminate\\Foundation\\Console\\Kernel->handle(Object(Symfony\\Component\\Console\\Input\\ArgvInput), Object(Symfony\\Component\\Console\\Output\\ConsoleOutput))
#25 /home/dfyne/dfyne-lab6/services/promotions/artisan(16): Illuminate\\Foundation\\Application->handleCommand(Object(Symfony\\Component\\Console\\Input\\ArgvInput))
#26 {main}

[previous exception] [object] (PDOException(code: 7): SQLSTATE[08006] [7] connection to server at \"127.0.0.1\", port 5432 failed: Connection refused
\tIs the server running on that host and accepting TCP/IP connections? at /home/dfyne/dfyne-lab6/services/promotions/vendor/laravel/framework/src/Illuminate/Database/Connectors/Connector.php:67)
[stacktrace]
#0 /home/dfyne/dfyne-lab6/services/promotions/vendor/laravel/framework/src/Illuminate/Database/Connectors/Connector.php(67): PDO::connect('pgsql:host=127....', 'root', Object(SensitiveParameterValue), Array)
#1 /home/dfyne/dfyne-lab6/services/promotions/vendor/laravel/framework/src/Illuminate/Database/Connectors/Connector.php(44): Illuminate\\Database\\Connectors\\Connector->createPdoConnection('pgsql:host=127....', 'root', Object(SensitiveParameterValue), Array)
#2 /home/dfyne/dfyne-lab6/services/promotions/vendor/laravel/framework/src/Illuminate/Database/Connectors/PostgresConnector.php(35): Illuminate\\Database\\Connectors\\Connector->createConnection('pgsql:host=127....', Array, Array)
#3 /home/dfyne/dfyne-lab6/services/promotions/vendor/laravel/framework/src/Illuminate/Database/Connectors/ConnectionFactory.php(220): Illuminate\\Database\\Connectors\\PostgresConnector->connect(Array)
#4 [internal function]: Illuminate\\Database\\Connectors\\ConnectionFactory->{closure:Illuminate\\Database\\Connectors\\ConnectionFactory::createPdoResolverWithHosts():213}()
#5 /home/dfyne/dfyne-lab6/services/promotions/vendor/laravel/framework/src/Illuminate/Database/Connection.php(1297): call_user_func(Object(Closure))
#6 /home/dfyne/dfyne-lab6/services/promotions/vendor/laravel/framework/src/Illuminate/Database/Connection.php(1335): Illuminate\\Database\\Connection->getPdo()
#7 /home/dfyne/dfyne-lab6/services/promotions/vendor/laravel/framework/src/Illuminate/Database/Connection.php(542): Illuminate\\Database\\Connection->getReadPdo()
#8 /home/dfyne/dfyne-lab6/services/promotions/vendor/laravel/framework/src/Illuminate/Database/Connection.php(435): Illuminate\\Database\\Connection->getPdoForSelect(true)
#9 /home/dfyne/dfyne-lab6/services/promotions/vendor/laravel/framework/src/Illuminate/Database/Connection.php(846): Illuminate\\Database\\Connection->{closure:Illuminate\\Database\\Connection::select():426}('select * from \"...', Array)
#10 /home/dfyne/dfyne-lab6/services/promotions/vendor/laravel/framework/src/Illuminate/Database/Connection.php(813): Illuminate\\Database\\Connection->runQueryCallback('select * from \"...', Array, Object(Closure))
#11 /home/dfyne/dfyne-lab6/services/promotions/vendor/laravel/framework/src/Illuminate/Database/Connection.php(426): Illuminate\\Database\\Connection->run('select * from \"...', Array, Object(Closure))
#12 /home/dfyne/dfyne-lab6/services/promotions/vendor/laravel/framework/src/Illuminate/Database/Query/Builder.php(3573): Illuminate\\Database\\Connection->select('select * from \"...', Array, true, Array)
#13 /home/dfyne/dfyne-lab6/services/promotions/vendor/laravel/framework/src/Illuminate/Database/Query/Builder.php(3557): Illuminate\\Database\\Query\\Builder->runSelect()
#14 /home/dfyne/dfyne-lab6/services/promotions/vendor/laravel/framework/src/Illuminate/Cache/DatabaseStore.php(142): Illuminate\\Database\\Query\\Builder->get()
#15 /home/dfyne/dfyne-lab6/services/promotions/vendor/laravel/framework/src/Illuminate/Cache/Repository.php(167): Illuminate\\Cache\\DatabaseStore->many(Array)
#16 /home/dfyne/dfyne-lab6/services/promotions/vendor/laravel/framework/src/Illuminate/Queue/QueueManager.php(298): Illuminate\\Cache\\Repository->many(Array)
#17 /home/dfyne/dfyne-lab6/services/promotions/vendor/laravel/framework/src/Illuminate/Queue/Worker.php(483): Illuminate\\Queue\\QueueManager->getPausedQueues('database', Array)
#18 /home/dfyne/dfyne-lab6/services/promotions/vendor/laravel/framework/src/Illuminate/Queue/Worker.php(444): Illuminate\\Queue\\Worker->getPausedQueues('database', Array)
#19 /home/dfyne/dfyne-lab6/services/promotions/vendor/laravel/framework/src/Illuminate/Queue/Worker.php(404): Illuminate\\Queue\\Worker->getNextJob(Object(Illuminate\\Queue\\DatabaseQueue), 'default')
#20 /home/dfyne/dfyne-lab6/services/promotions/vendor/laravel/framework/src/Illuminate/Queue/Console/WorkCommand.php(149): Illuminate\\Queue\\Worker->runNextJob('database', 'default', Object(Illuminate\\Queue\\WorkerOptions))
#21 /home/dfyne/dfyne-lab6/services/promotions/vendor/laravel/framework/src/Illuminate/Queue/Console/WorkCommand.php(132): Illuminate\\Queue\\Console\\WorkCommand->runWorker('database', 'default')
#22 /home/dfyne/dfyne-lab6/services/promotions/vendor/laravel/framework/src/Illuminate/Container/BoundMethod.php(36): Illuminate\\Queue\\Console\\WorkCommand->handle()
#23 /home/dfyne/dfyne-lab6/services/promotions/vendor/laravel/framework/src/Illuminate/Container/Util.php(43): Illuminate\\Container\\BoundMethod::{closure:Illuminate\\Container\\BoundMethod::call():35}()
#24 /home/dfyne/dfyne-lab6/services/promotions/vendor/laravel/framework/src/Illuminate/Container/BoundMethod.php(96): Illuminate\\Container\\Util::unwrapIfClosure(Object(Closure))
#25 /home/dfyne/dfyne-lab6/services/promotions/vendor/laravel/framework/src/Illuminate/Container/BoundMethod.php(35): Illuminate\\Container\\BoundMethod::callBoundMethod(Object(Illuminate\\Foundation\\Application), Array, Object(Closure))
#26 /home/dfyne/dfyne-lab6/services/promotions/vendor/laravel/framework/src/Illuminate/Container/Container.php(799): Illuminate\\Container\\BoundMethod::call(Object(Illuminate\\Foundation\\Application), Array, Array, NULL)
#27 /home/dfyne/dfyne-lab6/services/promotions/vendor/laravel/framework/src/Illuminate/Console/Command.php(280): Illuminate\\Container\\Container->call(Array)
#28 /home/dfyne/dfyne-lab6/services/promotions/vendor/symfony/console/Command/Command.php(284): Illuminate\\Console\\Command->execute(Object(Symfony\\Component\\Console\\Input\\ArgvInput), Object(Illuminate\\Console\\OutputStyle))
#29 /home/dfyne/dfyne-lab6/services/promotions/vendor/laravel/framework/src/Illuminate/Console/Command.php(249): Symfony\\Component\\Console\\Command\\Command->run(Object(Symfony\\Component\\Console\\Input\\ArgvInput), Object(Illuminate\\Console\\OutputStyle))
#30 /home/dfyne/dfyne-lab6/services/promotions/vendor/symfony/console/Application.php(1144): Illuminate\\Console\\Command->run(Object(Symfony\\Component\\Console\\Input\\ArgvInput), Object(Symfony\\Component\\Console\\Output\\ConsoleOutput))
#31 /home/dfyne/dfyne-lab6/services/promotions/vendor/symfony/console/Application.php(379): Symfony\\Component\\Console\\Application->doRunCommand(Object(Illuminate\\Queue\\Console\\WorkCommand), Object(Symfony\\Component\\Console\\Input\\ArgvInput), Object(Symfony\\Component\\Console\\Output\\ConsoleOutput))
#32 /home/dfyne/dfyne-lab6/services/promotions/vendor/symfony/console/Application.php(218): Symfony\\Component\\Console\\Application->doRun(Object(Symfony\\Component\\Console\\Input\\ArgvInput), Object(Symfony\\Component\\Console\\Output\\ConsoleOutput))
#33 /home/dfyne/dfyne-lab6/services/promotions/vendor/laravel/framework/src/Illuminate/Foundation/Console/Kernel.php(198): Symfony\\Component\\Console\\Application->run(Object(Symfony\\Component\\Console\\Input\\ArgvInput), Object(Symfony\\Component\\Console\\Output\\ConsoleOutput))
#34 /home/dfyne/dfyne-lab6/services/promotions/vendor/laravel/framework/src/Illuminate/Foundation/Application.php(1235): Illuminate\\Foundation\\Console\\Kernel->handle(Object(Symfony\\Component\\Console\\Input\\ArgvInput), Object(Symfony\\Component\\Console\\Output\\ConsoleOutput))
#35 /home/dfyne/dfyne-lab6/services/promotions/artisan(16): Illuminate\\Foundation\\Application->handleCommand(Object(Symfony\\Component\\Console\\Input\\ArgvInput))
#36 {main}
"} 
[2026-06-29 10:22:41] local.ERROR: SQLSTATE[08006] [7] connection to server at "127.0.0.1", port 5432 failed: Connection refused
	Is the server running on that host and accepting TCP/IP connections? (Connection: pgsql, Host: 127.0.0.1, Port: 5432, Database: promotions, SQL: select * from "cache" where "key" in (laravel-cache-illuminate:queue:paused:database:default)) {"exception":"[object] (Illuminate\\Database\\QueryException(code: 7): SQLSTATE[08006] [7] connection to server at \"127.0.0.1\", port 5432 failed: Connection refused
\tIs the server running on that host and accepting TCP/IP connections? (Connection: pgsql, Host: 127.0.0.1, Port: 5432, Database: promotions, SQL: select * from \"cache\" where \"key\" in (laravel-cache-illuminate:queue:paused:database:default)) at /home/dfyne/dfyne-lab6/services/promotions/vendor/laravel/framework/src/Illuminate/Database/Connection.php:857)
[stacktrace]
#0 /home/dfyne/dfyne-lab6/services/promotions/vendor/laravel/framework/src/Illuminate/Database/Connection.php(813): Illuminate\\Database\\Connection->runQueryCallback('select * from \"...', Array, Object(Closure))
#1 /home/dfyne/dfyne-lab6/services/promotions/vendor/laravel/framework/src/Illuminate/Database/Connection.php(426): Illuminate\\Database\\Connection->run('select * from \"...', Array, Object(Closure))
#2 /home/dfyne/dfyne-lab6/services/promotions/vendor/laravel/framework/src/Illuminate/Database/Query/Builder.php(3573): Illuminate\\Database\\Connection->select('select * from \"...', Array, true, Array)
#3 /home/dfyne/dfyne-lab6/services/promotions/vendor/laravel/framework/src/Illuminate/Database/Query/Builder.php(3557): Illuminate\\Database\\Query\\Builder->runSelect()
#4 /home/dfyne/dfyne-lab6/services/promotions/vendor/laravel/framework/src/Illuminate/Cache/DatabaseStore.php(142): Illuminate\\Database\\Query\\Builder->get()
#5 /home/dfyne/dfyne-lab6/services/promotions/vendor/laravel/framework/src/Illuminate/Cache/Repository.php(167): Illuminate\\Cache\\DatabaseStore->many(Array)
#6 /home/dfyne/dfyne-lab6/services/promotions/vendor/laravel/framework/src/Illuminate/Queue/QueueManager.php(298): Illuminate\\Cache\\Repository->many(Array)
#7 /home/dfyne/dfyne-lab6/services/promotions/vendor/laravel/framework/src/Illuminate/Queue/Worker.php(483): Illuminate\\Queue\\QueueManager->getPausedQueues('database', Array)
#8 /home/dfyne/dfyne-lab6/services/promotions/vendor/laravel/framework/src/Illuminate/Queue/Worker.php(444): Illuminate\\Queue\\Worker->getPausedQueues('database', Array)
#9 /home/dfyne/dfyne-lab6/services/promotions/vendor/laravel/framework/src/Illuminate/Queue/Worker.php(404): Illuminate\\Queue\\Worker->getNextJob(Object(Illuminate\\Queue\\DatabaseQueue), 'default')
#10 /home/dfyne/dfyne-lab6/services/promotions/vendor/laravel/framework/src/Illuminate/Queue/Console/WorkCommand.php(149): Illuminate\\Queue\\Worker->runNextJob('database', 'default', Object(Illuminate\\Queue\\WorkerOptions))
#11 /home/dfyne/dfyne-lab6/services/promotions/vendor/laravel/framework/src/Illuminate/Queue/Console/WorkCommand.php(132): Illuminate\\Queue\\Console\\WorkCommand->runWorker('database', 'default')
#12 /home/dfyne/dfyne-lab6/services/promotions/vendor/laravel/framework/src/Illuminate/Container/BoundMethod.php(36): Illuminate\\Queue\\Console\\WorkCommand->handle()
#13 /home/dfyne/dfyne-lab6/services/promotions/vendor/laravel/framework/src/Illuminate/Container/Util.php(43): Illuminate\\Container\\BoundMethod::{closure:Illuminate\\Container\\BoundMethod::call():35}()
#14 /home/dfyne/dfyne-lab6/services/promotions/vendor/laravel/framework/src/Illuminate/Container/BoundMethod.php(96): Illuminate\\Container\\Util::unwrapIfClosure(Object(Closure))
#15 /home/dfyne/dfyne-lab6/services/promotions/vendor/laravel/framework/src/Illuminate/Container/BoundMethod.php(35): Illuminate\\Container\\BoundMethod::callBoundMethod(Object(Illuminate\\Foundation\\Application), Array, Object(Closure))
#16 /home/dfyne/dfyne-lab6/services/promotions/vendor/laravel/framework/src/Illuminate/Container/Container.php(799): Illuminate\\Container\\BoundMethod::call(Object(Illuminate\\Foundation\\Application), Array, Array, NULL)
#17 /home/dfyne/dfyne-lab6/services/promotions/vendor/laravel/framework/src/Illuminate/Console/Command.php(280): Illuminate\\Container\\Container->call(Array)
#18 /home/dfyne/dfyne-lab6/services/promotions/vendor/symfony/console/Command/Command.php(284): Illuminate\\Console\\Command->execute(Object(Symfony\\Component\\Console\\Input\\ArgvInput), Object(Illuminate\\Console\\OutputStyle))
#19 /home/dfyne/dfyne-lab6/services/promotions/vendor/laravel/framework/src/Illuminate/Console/Command.php(249): Symfony\\Component\\Console\\Command\\Command->run(Object(Symfony\\Component\\Console\\Input\\ArgvInput), Object(Illuminate\\Console\\OutputStyle))
#20 /home/dfyne/dfyne-lab6/services/promotions/vendor/symfony/console/Application.php(1144): Illuminate\\Console\\Command->run(Object(Symfony\\Component\\Console\\Input\\ArgvInput), Object(Symfony\\Component\\Console\\Output\\ConsoleOutput))
#21 /home/dfyne/dfyne-lab6/services/promotions/vendor/symfony/console/Application.php(379): Symfony\\Component\\Console\\Application->doRunCommand(Object(Illuminate\\Queue\\Console\\WorkCommand), Object(Symfony\\Component\\Console\\Input\\ArgvInput), Object(Symfony\\Component\\Console\\Output\\ConsoleOutput))
#22 /home/dfyne/dfyne-lab6/services/promotions/vendor/symfony/console/Application.php(218): Symfony\\Component\\Console\\Application->doRun(Object(Symfony\\Component\\Console\\Input\\ArgvInput), Object(Symfony\\Component\\Console\\Output\\ConsoleOutput))
#23 /home/dfyne/dfyne-lab6/services/promotions/vendor/laravel/framework/src/Illuminate/Foundation/Console/Kernel.php(198): Symfony\\Component\\Console\\Application->run(Object(Symfony\\Component\\Console\\Input\\ArgvInput), Object(Symfony\\Component\\Console\\Output\\ConsoleOutput))
#24 /home/dfyne/dfyne-lab6/services/promotions/vendor/laravel/framework/src/Illuminate/Foundation/Application.php(1235): Illuminate\\Foundation\\Console\\Kernel->handle(Object(Symfony\\Component\\Console\\Input\\ArgvInput), Object(Symfony\\Component\\Console\\Output\\ConsoleOutput))
#25 /home/dfyne/dfyne-lab6/services/promotions/artisan(16): Illuminate\\Foundation\\Application->handleCommand(Object(Symfony\\Component\\Console\\Input\\ArgvInput))
#26 {main}

[previous exception] [object] (PDOException(code: 7): SQLSTATE[08006] [7] connection to server at \"127.0.0.1\", port 5432 failed: Connection refused
\tIs the server running on that host and accepting TCP/IP connections? at /home/dfyne/dfyne-lab6/services/promotions/vendor/laravel/framework/src/Illuminate/Database/Connectors/Connector.php:67)
[stacktrace]
#0 /home/dfyne/dfyne-lab6/services/promotions/vendor/laravel/framework/src/Illuminate/Database/Connectors/Connector.php(67): PDO::connect('pgsql:host=127....', 'root', Object(SensitiveParameterValue), Array)
#1 /home/dfyne/dfyne-lab6/services/promotions/vendor/laravel/framework/src/Illuminate/Database/Connectors/Connector.php(44): Illuminate\\Database\\Connectors\\Connector->createPdoConnection('pgsql:host=127....', 'root', Object(SensitiveParameterValue), Array)
#2 /home/dfyne/dfyne-lab6/services/promotions/vendor/laravel/framework/src/Illuminate/Database/Connectors/PostgresConnector.php(35): Illuminate\\Database\\Connectors\\Connector->createConnection('pgsql:host=127....', Array, Array)
#3 /home/dfyne/dfyne-lab6/services/promotions/vendor/laravel/framework/src/Illuminate/Database/Connectors/ConnectionFactory.php(220): Illuminate\\Database\\Connectors\\PostgresConnector->connect(Array)
#4 [internal function]: Illuminate\\Database\\Connectors\\ConnectionFactory->{closure:Illuminate\\Database\\Connectors\\ConnectionFactory::createPdoResolverWithHosts():213}()
#5 /home/dfyne/dfyne-lab6/services/promotions/vendor/laravel/framework/src/Illuminate/Database/Connection.php(1297): call_user_func(Object(Closure))
#6 /home/dfyne/dfyne-lab6/services/promotions/vendor/laravel/framework/src/Illuminate/Database/Connection.php(1335): Illuminate\\Database\\Connection->getPdo()
#7 /home/dfyne/dfyne-lab6/services/promotions/vendor/laravel/framework/src/Illuminate/Database/Connection.php(542): Illuminate\\Database\\Connection->getReadPdo()
#8 /home/dfyne/dfyne-lab6/services/promotions/vendor/laravel/framework/src/Illuminate/Database/Connection.php(435): Illuminate\\Database\\Connection->getPdoForSelect(true)
#9 /home/dfyne/dfyne-lab6/services/promotions/vendor/laravel/framework/src/Illuminate/Database/Connection.php(846): Illuminate\\Database\\Connection->{closure:Illuminate\\Database\\Connection::select():426}('select * from \"...', Array)
#10 /home/dfyne/dfyne-lab6/services/promotions/vendor/laravel/framework/src/Illuminate/Database/Connection.php(813): Illuminate\\Database\\Connection->runQueryCallback('select * from \"...', Array, Object(Closure))
#11 /home/dfyne/dfyne-lab6/services/promotions/vendor/laravel/framework/src/Illuminate/Database/Connection.php(426): Illuminate\\Database\\Connection->run('select * from \"...', Array, Object(Closure))
#12 /home/dfyne/dfyne-lab6/services/promotions/vendor/laravel/framework/src/Illuminate/Database/Query/Builder.php(3573): Illuminate\\Database\\Connection->select('select * from \"...', Array, true, Array)
#13 /home/dfyne/dfyne-lab6/services/promotions/vendor/laravel/framework/src/Illuminate/Database/Query/Builder.php(3557): Illuminate\\Database\\Query\\Builder->runSelect()
#14 /home/dfyne/dfyne-lab6/services/promotions/vendor/laravel/framework/src/Illuminate/Cache/DatabaseStore.php(142): Illuminate\\Database\\Query\\Builder->get()
#15 /home/dfyne/dfyne-lab6/services/promotions/vendor/laravel/framework/src/Illuminate/Cache/Repository.php(167): Illuminate\\Cache\\DatabaseStore->many(Array)
#16 /home/dfyne/dfyne-lab6/services/promotions/vendor/laravel/framework/src/Illuminate/Queue/QueueManager.php(298): Illuminate\\Cache\\Repository->many(Array)
#17 /home/dfyne/dfyne-lab6/services/promotions/vendor/laravel/framework/src/Illuminate/Queue/Worker.php(483): Illuminate\\Queue\\QueueManager->getPausedQueues('database', Array)
#18 /home/dfyne/dfyne-lab6/services/promotions/vendor/laravel/framework/src/Illuminate/Queue/Worker.php(444): Illuminate\\Queue\\Worker->getPausedQueues('database', Array)
#19 /home/dfyne/dfyne-lab6/services/promotions/vendor/laravel/framework/src/Illuminate/Queue/Worker.php(404): Illuminate\\Queue\\Worker->getNextJob(Object(Illuminate\\Queue\\DatabaseQueue), 'default')
#20 /home/dfyne/dfyne-lab6/services/promotions/vendor/laravel/framework/src/Illuminate/Queue/Console/WorkCommand.php(149): Illuminate\\Queue\\Worker->runNextJob('database', 'default', Object(Illuminate\\Queue\\WorkerOptions))
#21 /home/dfyne/dfyne-lab6/services/promotions/vendor/laravel/framework/src/Illuminate/Queue/Console/WorkCommand.php(132): Illuminate\\Queue\\Console\\WorkCommand->runWorker('database', 'default')
#22 /home/dfyne/dfyne-lab6/services/promotions/vendor/laravel/framework/src/Illuminate/Container/BoundMethod.php(36): Illuminate\\Queue\\Console\\WorkCommand->handle()
#23 /home/dfyne/dfyne-lab6/services/promotions/vendor/laravel/framework/src/Illuminate/Container/Util.php(43): Illuminate\\Container\\BoundMethod::{closure:Illuminate\\Container\\BoundMethod::call():35}()
#24 /home/dfyne/dfyne-lab6/services/promotions/vendor/laravel/framework/src/Illuminate/Container/BoundMethod.php(96): Illuminate\\Container\\Util::unwrapIfClosure(Object(Closure))
#25 /home/dfyne/dfyne-lab6/services/promotions/vendor/laravel/framework/src/Illuminate/Container/BoundMethod.php(35): Illuminate\\Container\\BoundMethod::callBoundMethod(Object(Illuminate\\Foundation\\Application), Array, Object(Closure))
#26 /home/dfyne/dfyne-lab6/services/promotions/vendor/laravel/framework/src/Illuminate/Container/Container.php(799): Illuminate\\Container\\BoundMethod::call(Object(Illuminate\\Foundation\\Application), Array, Array, NULL)
#27 /home/dfyne/dfyne-lab6/services/promotions/vendor/laravel/framework/src/Illuminate/Console/Command.php(280): Illuminate\\Container\\Container->call(Array)
#28 /home/dfyne/dfyne-lab6/services/promotions/vendor/symfony/console/Command/Command.php(284): Illuminate\\Console\\Command->execute(Object(Symfony\\Component\\Console\\Input\\ArgvInput), Object(Illuminate\\Console\\OutputStyle))
#29 /home/dfyne/dfyne-lab6/services/promotions/vendor/laravel/framework/src/Illuminate/Console/Command.php(249): Symfony\\Component\\Console\\Command\\Command->run(Object(Symfony\\Component\\Console\\Input\\ArgvInput), Object(Illuminate\\Console\\OutputStyle))
#30 /home/dfyne/dfyne-lab6/services/promotions/vendor/symfony/console/Application.php(1144): Illuminate\\Console\\Command->run(Object(Symfony\\Component\\Console\\Input\\ArgvInput), Object(Symfony\\Component\\Console\\Output\\ConsoleOutput))
#31 /home/dfyne/dfyne-lab6/services/promotions/vendor/symfony/console/Application.php(379): Symfony\\Component\\Console\\Application->doRunCommand(Object(Illuminate\\Queue\\Console\\WorkCommand), Object(Symfony\\Component\\Console\\Input\\ArgvInput), Object(Symfony\\Component\\Console\\Output\\ConsoleOutput))
#32 /home/dfyne/dfyne-lab6/services/promotions/vendor/symfony/console/Application.php(218): Symfony\\Component\\Console\\Application->doRun(Object(Symfony\\Component\\Console\\Input\\ArgvInput), Object(Symfony\\Component\\Console\\Output\\ConsoleOutput))
#33 /home/dfyne/dfyne-lab6/services/promotions/vendor/laravel/framework/src/Illuminate/Foundation/Console/Kernel.php(198): Symfony\\Component\\Console\\Application->run(Object(Symfony\\Component\\Console\\Input\\ArgvInput), Object(Symfony\\Component\\Console\\Output\\ConsoleOutput))
#34 /home/dfyne/dfyne-lab6/services/promotions/vendor/laravel/framework/src/Illuminate/Foundation/Application.php(1235): Illuminate\\Foundation\\Console\\Kernel->handle(Object(Symfony\\Component\\Console\\Input\\ArgvInput), Object(Symfony\\Component\\Console\\Output\\ConsoleOutput))
#35 /home/dfyne/dfyne-lab6/services/promotions/artisan(16): Illuminate\\Foundation\\Application->handleCommand(Object(Symfony\\Component\\Console\\Input\\ArgvInput))
#36 {main}
"} 
[2026-06-29 10:22:45] local.ERROR: SQLSTATE[08006] [7] connection to server at "127.0.0.1", port 5432 failed: Connection refused
	Is the server running on that host and accepting TCP/IP connections? (Connection: pgsql, Host: 127.0.0.1, Port: 5432, Database: promotions, SQL: select * from "cache" where "key" in (laravel-cache-illuminate:queue:paused:database:default)) {"exception":"[object] (Illuminate\\Database\\QueryException(code: 7): SQLSTATE[08006] [7] connection to server at \"127.0.0.1\", port 5432 failed: Connection refused
\tIs the server running on that host and accepting TCP/IP connections? (Connection: pgsql, Host: 127.0.0.1, Port: 5432, Database: promotions, SQL: select * from \"cache\" where \"key\" in (laravel-cache-illuminate:queue:paused:database:default)) at /home/dfyne/dfyne-lab6/services/promotions/vendor/laravel/framework/src/Illuminate/Database/Connection.php:857)
[stacktrace]
#0 /home/dfyne/dfyne-lab6/services/promotions/vendor/laravel/framework/src/Illuminate/Database/Connection.php(813): Illuminate\\Database\\Connection->runQueryCallback('select * from \"...', Array, Object(Closure))
#1 /home/dfyne/dfyne-lab6/services/promotions/vendor/laravel/framework/src/Illuminate/Database/Connection.php(426): Illuminate\\Database\\Connection->run('select * from \"...', Array, Object(Closure))
#2 /home/dfyne/dfyne-lab6/services/promotions/vendor/laravel/framework/src/Illuminate/Database/Query/Builder.php(3573): Illuminate\\Database\\Connection->select('select * from \"...', Array, true, Array)
#3 /home/dfyne/dfyne-lab6/services/promotions/vendor/laravel/framework/src/Illuminate/Database/Query/Builder.php(3557): Illuminate\\Database\\Query\\Builder->runSelect()
#4 /home/dfyne/dfyne-lab6/services/promotions/vendor/laravel/framework/src/Illuminate/Cache/DatabaseStore.php(142): Illuminate\\Database\\Query\\Builder->get()
#5 /home/dfyne/dfyne-lab6/services/promotions/vendor/laravel/framework/src/Illuminate/Cache/Repository.php(167): Illuminate\\Cache\\DatabaseStore->many(Array)
#6 /home/dfyne/dfyne-lab6/services/promotions/vendor/laravel/framework/src/Illuminate/Queue/QueueManager.php(298): Illuminate\\Cache\\Repository->many(Array)
#7 /home/dfyne/dfyne-lab6/services/promotions/vendor/laravel/framework/src/Illuminate/Queue/Worker.php(483): Illuminate\\Queue\\QueueManager->getPausedQueues('database', Array)
#8 /home/dfyne/dfyne-lab6/services/promotions/vendor/laravel/framework/src/Illuminate/Queue/Worker.php(444): Illuminate\\Queue\\Worker->getPausedQueues('database', Array)
#9 /home/dfyne/dfyne-lab6/services/promotions/vendor/laravel/framework/src/Illuminate/Queue/Worker.php(404): Illuminate\\Queue\\Worker->getNextJob(Object(Illuminate\\Queue\\DatabaseQueue), 'default')
#10 /home/dfyne/dfyne-lab6/services/promotions/vendor/laravel/framework/src/Illuminate/Queue/Console/WorkCommand.php(149): Illuminate\\Queue\\Worker->runNextJob('database', 'default', Object(Illuminate\\Queue\\WorkerOptions))
#11 /home/dfyne/dfyne-lab6/services/promotions/vendor/laravel/framework/src/Illuminate/Queue/Console/WorkCommand.php(132): Illuminate\\Queue\\Console\\WorkCommand->runWorker('database', 'default')
#12 /home/dfyne/dfyne-lab6/services/promotions/vendor/laravel/framework/src/Illuminate/Container/BoundMethod.php(36): Illuminate\\Queue\\Console\\WorkCommand->handle()
#13 /home/dfyne/dfyne-lab6/services/promotions/vendor/laravel/framework/src/Illuminate/Container/Util.php(43): Illuminate\\Container\\BoundMethod::{closure:Illuminate\\Container\\BoundMethod::call():35}()
#14 /home/dfyne/dfyne-lab6/services/promotions/vendor/laravel/framework/src/Illuminate/Container/BoundMethod.php(96): Illuminate\\Container\\Util::unwrapIfClosure(Object(Closure))
#15 /home/dfyne/dfyne-lab6/services/promotions/vendor/laravel/framework/src/Illuminate/Container/BoundMethod.php(35): Illuminate\\Container\\BoundMethod::callBoundMethod(Object(Illuminate\\Foundation\\Application), Array, Object(Closure))
#16 /home/dfyne/dfyne-lab6/services/promotions/vendor/laravel/framework/src/Illuminate/Container/Container.php(799): Illuminate\\Container\\BoundMethod::call(Object(Illuminate\\Foundation\\Application), Array, Array, NULL)
#17 /home/dfyne/dfyne-lab6/services/promotions/vendor/laravel/framework/src/Illuminate/Console/Command.php(280): Illuminate\\Container\\Container->call(Array)
#18 /home/dfyne/dfyne-lab6/services/promotions/vendor/symfony/console/Command/Command.php(284): Illuminate\\Console\\Command->execute(Object(Symfony\\Component\\Console\\Input\\ArgvInput), Object(Illuminate\\Console\\OutputStyle))
#19 /home/dfyne/dfyne-lab6/services/promotions/vendor/laravel/framework/src/Illuminate/Console/Command.php(249): Symfony\\Component\\Console\\Command\\Command->run(Object(Symfony\\Component\\Console\\Input\\ArgvInput), Object(Illuminate\\Console\\OutputStyle))
#20 /home/dfyne/dfyne-lab6/services/promotions/vendor/symfony/console/Application.php(1144): Illuminate\\Console\\Command->run(Object(Symfony\\Component\\Console\\Input\\ArgvInput), Object(Symfony\\Component\\Console\\Output\\ConsoleOutput))
#21 /home/dfyne/dfyne-lab6/services/promotions/vendor/symfony/console/Application.php(379): Symfony\\Component\\Console\\Application->doRunCommand(Object(Illuminate\\Queue\\Console\\WorkCommand), Object(Symfony\\Component\\Console\\Input\\ArgvInput), Object(Symfony\\Component\\Console\\Output\\ConsoleOutput))
#22 /home/dfyne/dfyne-lab6/services/promotions/vendor/symfony/console/Application.php(218): Symfony\\Component\\Console\\Application->doRun(Object(Symfony\\Component\\Console\\Input\\ArgvInput), Object(Symfony\\Component\\Console\\Output\\ConsoleOutput))
#23 /home/dfyne/dfyne-lab6/services/promotions/vendor/laravel/framework/src/Illuminate/Foundation/Console/Kernel.php(198): Symfony\\Component\\Console\\Application->run(Object(Symfony\\Component\\Console\\Input\\ArgvInput), Object(Symfony\\Component\\Console\\Output\\ConsoleOutput))
#24 /home/dfyne/dfyne-lab6/services/promotions/vendor/laravel/framework/src/Illuminate/Foundation/Application.php(1235): Illuminate\\Foundation\\Console\\Kernel->handle(Object(Symfony\\Component\\Console\\Input\\ArgvInput), Object(Symfony\\Component\\Console\\Output\\ConsoleOutput))
#25 /home/dfyne/dfyne-lab6/services/promotions/artisan(16): Illuminate\\Foundation\\Application->handleCommand(Object(Symfony\\Component\\Console\\Input\\ArgvInput))
#26 {main}

[previous exception] [object] (PDOException(code: 7): SQLSTATE[08006] [7] connection to server at \"127.0.0.1\", port 5432 failed: Connection refused
\tIs the server running on that host and accepting TCP/IP connections? at /home/dfyne/dfyne-lab6/services/promotions/vendor/laravel/framework/src/Illuminate/Database/Connectors/Connector.php:67)
[stacktrace]
#0 /home/dfyne/dfyne-lab6/services/promotions/vendor/laravel/framework/src/Illuminate/Database/Connectors/Connector.php(67): PDO::connect('pgsql:host=127....', 'root', Object(SensitiveParameterValue), Array)
#1 /home/dfyne/dfyne-lab6/services/promotions/vendor/laravel/framework/src/Illuminate/Database/Connectors/Connector.php(44): Illuminate\\Database\\Connectors\\Connector->createPdoConnection('pgsql:host=127....', 'root', Object(SensitiveParameterValue), Array)
#2 /home/dfyne/dfyne-lab6/services/promotions/vendor/laravel/framework/src/Illuminate/Database/Connectors/PostgresConnector.php(35): Illuminate\\Database\\Connectors\\Connector->createConnection('pgsql:host=127....', Array, Array)
#3 /home/dfyne/dfyne-lab6/services/promotions/vendor/laravel/framework/src/Illuminate/Database/Connectors/ConnectionFactory.php(220): Illuminate\\Database\\Connectors\\PostgresConnector->connect(Array)
#4 [internal function]: Illuminate\\Database\\Connectors\\ConnectionFactory->{closure:Illuminate\\Database\\Connectors\\ConnectionFactory::createPdoResolverWithHosts():213}()
#5 /home/dfyne/dfyne-lab6/services/promotions/vendor/laravel/framework/src/Illuminate/Database/Connection.php(1297): call_user_func(Object(Closure))
#6 /home/dfyne/dfyne-lab6/services/promotions/vendor/laravel/framework/src/Illuminate/Database/Connection.php(1335): Illuminate\\Database\\Connection->getPdo()
#7 /home/dfyne/dfyne-lab6/services/promotions/vendor/laravel/framework/src/Illuminate/Database/Connection.php(542): Illuminate\\Database\\Connection->getReadPdo()
#8 /home/dfyne/dfyne-lab6/services/promotions/vendor/laravel/framework/src/Illuminate/Database/Connection.php(435): Illuminate\\Database\\Connection->getPdoForSelect(true)
#9 /home/dfyne/dfyne-lab6/services/promotions/vendor/laravel/framework/src/Illuminate/Database/Connection.php(846): Illuminate\\Database\\Connection->{closure:Illuminate\\Database\\Connection::select():426}('select * from \"...', Array)
#10 /home/dfyne/dfyne-lab6/services/promotions/vendor/laravel/framework/src/Illuminate/Database/Connection.php(813): Illuminate\\Database\\Connection->runQueryCallback('select * from \"...', Array, Object(Closure))
#11 /home/dfyne/dfyne-lab6/services/promotions/vendor/laravel/framework/src/Illuminate/Database/Connection.php(426): Illuminate\\Database\\Connection->run('select * from \"...', Array, Object(Closure))
#12 /home/dfyne/dfyne-lab6/services/promotions/vendor/laravel/framework/src/Illuminate/Database/Query/Builder.php(3573): Illuminate\\Database\\Connection->select('select * from \"...', Array, true, Array)
#13 /home/dfyne/dfyne-lab6/services/promotions/vendor/laravel/framework/src/Illuminate/Database/Query/Builder.php(3557): Illuminate\\Database\\Query\\Builder->runSelect()
#14 /home/dfyne/dfyne-lab6/services/promotions/vendor/laravel/framework/src/Illuminate/Cache/DatabaseStore.php(142): Illuminate\\Database\\Query\\Builder->get()
#15 /home/dfyne/dfyne-lab6/services/promotions/vendor/laravel/framework/src/Illuminate/Cache/Repository.php(167): Illuminate\\Cache\\DatabaseStore->many(Array)
#16 /home/dfyne/dfyne-lab6/services/promotions/vendor/laravel/framework/src/Illuminate/Queue/QueueManager.php(298): Illuminate\\Cache\\Repository->many(Array)
#17 /home/dfyne/dfyne-lab6/services/promotions/vendor/laravel/framework/src/Illuminate/Queue/Worker.php(483): Illuminate\\Queue\\QueueManager->getPausedQueues('database', Array)
#18 /home/dfyne/dfyne-lab6/services/promotions/vendor/laravel/framework/src/Illuminate/Queue/Worker.php(444): Illuminate\\Queue\\Worker->getPausedQueues('database', Array)
#19 /home/dfyne/dfyne-lab6/services/promotions/vendor/laravel/framework/src/Illuminate/Queue/Worker.php(404): Illuminate\\Queue\\Worker->getNextJob(Object(Illuminate\\Queue\\DatabaseQueue), 'default')
#20 /home/dfyne/dfyne-lab6/services/promotions/vendor/laravel/framework/src/Illuminate/Queue/Console/WorkCommand.php(149): Illuminate\\Queue\\Worker->runNextJob('database', 'default', Object(Illuminate\\Queue\\WorkerOptions))
#21 /home/dfyne/dfyne-lab6/services/promotions/vendor/laravel/framework/src/Illuminate/Queue/Console/WorkCommand.php(132): Illuminate\\Queue\\Console\\WorkCommand->runWorker('database', 'default')
#22 /home/dfyne/dfyne-lab6/services/promotions/vendor/laravel/framework/src/Illuminate/Container/BoundMethod.php(36): Illuminate\\Queue\\Console\\WorkCommand->handle()
#23 /home/dfyne/dfyne-lab6/services/promotions/vendor/laravel/framework/src/Illuminate/Container/Util.php(43): Illuminate\\Container\\BoundMethod::{closure:Illuminate\\Container\\BoundMethod::call():35}()
#24 /home/dfyne/dfyne-lab6/services/promotions/vendor/laravel/framework/src/Illuminate/Container/BoundMethod.php(96): Illuminate\\Container\\Util::unwrapIfClosure(Object(Closure))
#25 /home/dfyne/dfyne-lab6/services/promotions/vendor/laravel/framework/src/Illuminate/Container/BoundMethod.php(35): Illuminate\\Container\\BoundMethod::callBoundMethod(Object(Illuminate\\Foundation\\Application), Array, Object(Closure))
#26 /home/dfyne/dfyne-lab6/services/promotions/vendor/laravel/framework/src/Illuminate/Container/Container.php(799): Illuminate\\Container\\BoundMethod::call(Object(Illuminate\\Foundation\\Application), Array, Array, NULL)
#27 /home/dfyne/dfyne-lab6/services/promotions/vendor/laravel/framework/src/Illuminate/Console/Command.php(280): Illuminate\\Container\\Container->call(Array)
#28 /home/dfyne/dfyne-lab6/services/promotions/vendor/symfony/console/Command/Command.php(284): Illuminate\\Console\\Command->execute(Object(Symfony\\Component\\Console\\Input\\ArgvInput), Object(Illuminate\\Console\\OutputStyle))
#29 /home/dfyne/dfyne-lab6/services/promotions/vendor/laravel/framework/src/Illuminate/Console/Command.php(249): Symfony\\Component\\Console\\Command\\Command->run(Object(Symfony\\Component\\Console\\Input\\ArgvInput), Object(Illuminate\\Console\\OutputStyle))
#30 /home/dfyne/dfyne-lab6/services/promotions/vendor/symfony/console/Application.php(1144): Illuminate\\Console\\Command->run(Object(Symfony\\Component\\Console\\Input\\ArgvInput), Object(Symfony\\Component\\Console\\Output\\ConsoleOutput))
#31 /home/dfyne/dfyne-lab6/services/promotions/vendor/symfony/console/Application.php(379): Symfony\\Component\\Console\\Application->doRunCommand(Object(Illuminate\\Queue\\Console\\WorkCommand), Object(Symfony\\Component\\Console\\Input\\ArgvInput), Object(Symfony\\Component\\Console\\Output\\ConsoleOutput))
#32 /home/dfyne/dfyne-lab6/services/promotions/vendor/symfony/console/Application.php(218): Symfony\\Component\\Console\\Application->doRun(Object(Symfony\\Component\\Console\\Input\\ArgvInput), Object(Symfony\\Component\\Console\\Output\\ConsoleOutput))
#33 /home/dfyne/dfyne-lab6/services/promotions/vendor/laravel/framework/src/Illuminate/Foundation/Console/Kernel.php(198): Symfony\\Component\\Console\\Application->run(Object(Symfony\\Component\\Console\\Input\\ArgvInput), Object(Symfony\\Component\\Console\\Output\\ConsoleOutput))
#34 /home/dfyne/dfyne-lab6/services/promotions/vendor/laravel/framework/src/Illuminate/Foundation/Application.php(1235): Illuminate\\Foundation\\Console\\Kernel->handle(Object(Symfony\\Component\\Console\\Input\\ArgvInput), Object(Symfony\\Component\\Console\\Output\\ConsoleOutput))
#35 /home/dfyne/dfyne-lab6/services/promotions/artisan(16): Illuminate\\Foundation\\Application->handleCommand(Object(Symfony\\Component\\Console\\Input\\ArgvInput))
#36 {main}
"} 
[2026-06-29 10:22:49] local.ERROR: SQLSTATE[08006] [7] connection to server at "127.0.0.1", port 5432 failed: Connection refused
	Is the server running on that host and accepting TCP/IP connections? (Connection: pgsql, Host: 127.0.0.1, Port: 5432, Database: promotions, SQL: select * from "cache" where "key" in (laravel-cache-illuminate:queue:paused:database:default)) {"exception":"[object] (Illuminate\\Database\\QueryException(code: 7): SQLSTATE[08006] [7] connection to server at \"127.0.0.1\", port 5432 failed: Connection refused
\tIs the server running on that host and accepting TCP/IP connections? (Connection: pgsql, Host: 127.0.0.1, Port: 5432, Database: promotions, SQL: select * from \"cache\" where \"key\" in (laravel-cache-illuminate:queue:paused:database:default)) at /home/dfyne/dfyne-lab6/services/promotions/vendor/laravel/framework/src/Illuminate/Database/Connection.php:857)
[stacktrace]
#0 /home/dfyne/dfyne-lab6/services/promotions/vendor/laravel/framework/src/Illuminate/Database/Connection.php(813): Illuminate\\Database\\Connection->runQueryCallback('select * from \"...', Array, Object(Closure))
#1 /home/dfyne/dfyne-lab6/services/promotions/vendor/laravel/framework/src/Illuminate/Database/Connection.php(426): Illuminate\\Database\\Connection->run('select * from \"...', Array, Object(Closure))
#2 /home/dfyne/dfyne-lab6/services/promotions/vendor/laravel/framework/src/Illuminate/Database/Query/Builder.php(3573): Illuminate\\Database\\Connection->select('select * from \"...', Array, true, Array)
#3 /home/dfyne/dfyne-lab6/services/promotions/vendor/laravel/framework/src/Illuminate/Database/Query/Builder.php(3557): Illuminate\\Database\\Query\\Builder->runSelect()
#4 /home/dfyne/dfyne-lab6/services/promotions/vendor/laravel/framework/src/Illuminate/Cache/DatabaseStore.php(142): Illuminate\\Database\\Query\\Builder->get()
#5 /home/dfyne/dfyne-lab6/services/promotions/vendor/laravel/framework/src/Illuminate/Cache/Repository.php(167): Illuminate\\Cache\\DatabaseStore->many(Array)
#6 /home/dfyne/dfyne-lab6/services/promotions/vendor/laravel/framework/src/Illuminate/Queue/QueueManager.php(298): Illuminate\\Cache\\Repository->many(Array)
#7 /home/dfyne/dfyne-lab6/services/promotions/vendor/laravel/framework/src/Illuminate/Queue/Worker.php(483): Illuminate\\Queue\\QueueManager->getPausedQueues('database', Array)
#8 /home/dfyne/dfyne-lab6/services/promotions/vendor/laravel/framework/src/Illuminate/Queue/Worker.php(444): Illuminate\\Queue\\Worker->getPausedQueues('database', Array)
#9 /home/dfyne/dfyne-lab6/services/promotions/vendor/laravel/framework/src/Illuminate/Queue/Worker.php(404): Illuminate\\Queue\\Worker->getNextJob(Object(Illuminate\\Queue\\DatabaseQueue), 'default')
#10 /home/dfyne/dfyne-lab6/services/promotions/vendor/laravel/framework/src/Illuminate/Queue/Console/WorkCommand.php(149): Illuminate\\Queue\\Worker->runNextJob('database', 'default', Object(Illuminate\\Queue\\WorkerOptions))
#11 /home/dfyne/dfyne-lab6/services/promotions/vendor/laravel/framework/src/Illuminate/Queue/Console/WorkCommand.php(132): Illuminate\\Queue\\Console\\WorkCommand->runWorker('database', 'default')
#12 /home/dfyne/dfyne-lab6/services/promotions/vendor/laravel/framework/src/Illuminate/Container/BoundMethod.php(36): Illuminate\\Queue\\Console\\WorkCommand->handle()
#13 /home/dfyne/dfyne-lab6/services/promotions/vendor/laravel/framework/src/Illuminate/Container/Util.php(43): Illuminate\\Container\\BoundMethod::{closure:Illuminate\\Container\\BoundMethod::call():35}()
#14 /home/dfyne/dfyne-lab6/services/promotions/vendor/laravel/framework/src/Illuminate/Container/BoundMethod.php(96): Illuminate\\Container\\Util::unwrapIfClosure(Object(Closure))
#15 /home/dfyne/dfyne-lab6/services/promotions/vendor/laravel/framework/src/Illuminate/Container/BoundMethod.php(35): Illuminate\\Container\\BoundMethod::callBoundMethod(Object(Illuminate\\Foundation\\Application), Array, Object(Closure))
#16 /home/dfyne/dfyne-lab6/services/promotions/vendor/laravel/framework/src/Illuminate/Container/Container.php(799): Illuminate\\Container\\BoundMethod::call(Object(Illuminate\\Foundation\\Application), Array, Array, NULL)
#17 /home/dfyne/dfyne-lab6/services/promotions/vendor/laravel/framework/src/Illuminate/Console/Command.php(280): Illuminate\\Container\\Container->call(Array)
#18 /home/dfyne/dfyne-lab6/services/promotions/vendor/symfony/console/Command/Command.php(284): Illuminate\\Console\\Command->execute(Object(Symfony\\Component\\Console\\Input\\ArgvInput), Object(Illuminate\\Console\\OutputStyle))
#19 /home/dfyne/dfyne-lab6/services/promotions/vendor/laravel/framework/src/Illuminate/Console/Command.php(249): Symfony\\Component\\Console\\Command\\Command->run(Object(Symfony\\Component\\Console\\Input\\ArgvInput), Object(Illuminate\\Console\\OutputStyle))
#20 /home/dfyne/dfyne-lab6/services/promotions/vendor/symfony/console/Application.php(1144): Illuminate\\Console\\Command->run(Object(Symfony\\Component\\Console\\Input\\ArgvInput), Object(Symfony\\Component\\Console\\Output\\ConsoleOutput))
#21 /home/dfyne/dfyne-lab6/services/promotions/vendor/symfony/console/Application.php(379): Symfony\\Component\\Console\\Application->doRunCommand(Object(Illuminate\\Queue\\Console\\WorkCommand), Object(Symfony\\Component\\Console\\Input\\ArgvInput), Object(Symfony\\Component\\Console\\Output\\ConsoleOutput))
#22 /home/dfyne/dfyne-lab6/services/promotions/vendor/symfony/console/Application.php(218): Symfony\\Component\\Console\\Application->doRun(Object(Symfony\\Component\\Console\\Input\\ArgvInput), Object(Symfony\\Component\\Console\\Output\\ConsoleOutput))
#23 /home/dfyne/dfyne-lab6/services/promotions/vendor/laravel/framework/src/Illuminate/Foundation/Console/Kernel.php(198): Symfony\\Component\\Console\\Application->run(Object(Symfony\\Component\\Console\\Input\\ArgvInput), Object(Symfony\\Component\\Console\\Output\\ConsoleOutput))
#24 /home/dfyne/dfyne-lab6/services/promotions/vendor/laravel/framework/src/Illuminate/Foundation/Application.php(1235): Illuminate\\Foundation\\Console\\Kernel->handle(Object(Symfony\\Component\\Console\\Input\\ArgvInput), Object(Symfony\\Component\\Console\\Output\\ConsoleOutput))
#25 /home/dfyne/dfyne-lab6/services/promotions/artisan(16): Illuminate\\Foundation\\Application->handleCommand(Object(Symfony\\Component\\Console\\Input\\ArgvInput))
#26 {main}

[previous exception] [object] (PDOException(code: 7): SQLSTATE[08006] [7] connection to server at \"127.0.0.1\", port 5432 failed: Connection refused
\tIs the server running on that host and accepting TCP/IP connections? at /home/dfyne/dfyne-lab6/services/promotions/vendor/laravel/framework/src/Illuminate/Database/Connectors/Connector.php:67)
[stacktrace]
#0 /home/dfyne/dfyne-lab6/services/promotions/vendor/laravel/framework/src/Illuminate/Database/Connectors/Connector.php(67): PDO::connect('pgsql:host=127....', 'root', Object(SensitiveParameterValue), Array)
#1 /home/dfyne/dfyne-lab6/services/promotions/vendor/laravel/framework/src/Illuminate/Database/Connectors/Connector.php(44): Illuminate\\Database\\Connectors\\Connector->createPdoConnection('pgsql:host=127....', 'root', Object(SensitiveParameterValue), Array)
#2 /home/dfyne/dfyne-lab6/services/promotions/vendor/laravel/framework/src/Illuminate/Database/Connectors/PostgresConnector.php(35): Illuminate\\Database\\Connectors\\Connector->createConnection('pgsql:host=127....', Array, Array)
#3 /home/dfyne/dfyne-lab6/services/promotions/vendor/laravel/framework/src/Illuminate/Database/Connectors/ConnectionFactory.php(220): Illuminate\\Database\\Connectors\\PostgresConnector->connect(Array)
#4 [internal function]: Illuminate\\Database\\Connectors\\ConnectionFactory->{closure:Illuminate\\Database\\Connectors\\ConnectionFactory::createPdoResolverWithHosts():213}()
#5 /home/dfyne/dfyne-lab6/services/promotions/vendor/laravel/framework/src/Illuminate/Database/Connection.php(1297): call_user_func(Object(Closure))
#6 /home/dfyne/dfyne-lab6/services/promotions/vendor/laravel/framework/src/Illuminate/Database/Connection.php(1335): Illuminate\\Database\\Connection->getPdo()
#7 /home/dfyne/dfyne-lab6/services/promotions/vendor/laravel/framework/src/Illuminate/Database/Connection.php(542): Illuminate\\Database\\Connection->getReadPdo()
#8 /home/dfyne/dfyne-lab6/services/promotions/vendor/laravel/framework/src/Illuminate/Database/Connection.php(435): Illuminate\\Database\\Connection->getPdoForSelect(true)
#9 /home/dfyne/dfyne-lab6/services/promotions/vendor/laravel/framework/src/Illuminate/Database/Connection.php(846): Illuminate\\Database\\Connection->{closure:Illuminate\\Database\\Connection::select():426}('select * from \"...', Array)
#10 /home/dfyne/dfyne-lab6/services/promotions/vendor/laravel/framework/src/Illuminate/Database/Connection.php(813): Illuminate\\Database\\Connection->runQueryCallback('select * from \"...', Array, Object(Closure))
#11 /home/dfyne/dfyne-lab6/services/promotions/vendor/laravel/framework/src/Illuminate/Database/Connection.php(426): Illuminate\\Database\\Connection->run('select * from \"...', Array, Object(Closure))
#12 /home/dfyne/dfyne-lab6/services/promotions/vendor/laravel/framework/src/Illuminate/Database/Query/Builder.php(3573): Illuminate\\Database\\Connection->select('select * from \"...', Array, true, Array)
#13 /home/dfyne/dfyne-lab6/services/promotions/vendor/laravel/framework/src/Illuminate/Database/Query/Builder.php(3557): Illuminate\\Database\\Query\\Builder->runSelect()
#14 /home/dfyne/dfyne-lab6/services/promotions/vendor/laravel/framework/src/Illuminate/Cache/DatabaseStore.php(142): Illuminate\\Database\\Query\\Builder->get()
#15 /home/dfyne/dfyne-lab6/services/promotions/vendor/laravel/framework/src/Illuminate/Cache/Repository.php(167): Illuminate\\Cache\\DatabaseStore->many(Array)
#16 /home/dfyne/dfyne-lab6/services/promotions/vendor/laravel/framework/src/Illuminate/Queue/QueueManager.php(298): Illuminate\\Cache\\Repository->many(Array)
#17 /home/dfyne/dfyne-lab6/services/promotions/vendor/laravel/framework/src/Illuminate/Queue/Worker.php(483): Illuminate\\Queue\\QueueManager->getPausedQueues('database', Array)
#18 /home/dfyne/dfyne-lab6/services/promotions/vendor/laravel/framework/src/Illuminate/Queue/Worker.php(444): Illuminate\\Queue\\Worker->getPausedQueues('database', Array)
#19 /home/dfyne/dfyne-lab6/services/promotions/vendor/laravel/framework/src/Illuminate/Queue/Worker.php(404): Illuminate\\Queue\\Worker->getNextJob(Object(Illuminate\\Queue\\DatabaseQueue), 'default')
#20 /home/dfyne/dfyne-lab6/services/promotions/vendor/laravel/framework/src/Illuminate/Queue/Console/WorkCommand.php(149): Illuminate\\Queue\\Worker->runNextJob('database', 'default', Object(Illuminate\\Queue\\WorkerOptions))
#21 /home/dfyne/dfyne-lab6/services/promotions/vendor/laravel/framework/src/Illuminate/Queue/Console/WorkCommand.php(132): Illuminate\\Queue\\Console\\WorkCommand->runWorker('database', 'default')
#22 /home/dfyne/dfyne-lab6/services/promotions/vendor/laravel/framework/src/Illuminate/Container/BoundMethod.php(36): Illuminate\\Queue\\Console\\WorkCommand->handle()
#23 /home/dfyne/dfyne-lab6/services/promotions/vendor/laravel/framework/src/Illuminate/Container/Util.php(43): Illuminate\\Container\\BoundMethod::{closure:Illuminate\\Container\\BoundMethod::call():35}()
#24 /home/dfyne/dfyne-lab6/services/promotions/vendor/laravel/framework/src/Illuminate/Container/BoundMethod.php(96): Illuminate\\Container\\Util::unwrapIfClosure(Object(Closure))
#25 /home/dfyne/dfyne-lab6/services/promotions/vendor/laravel/framework/src/Illuminate/Container/BoundMethod.php(35): Illuminate\\Container\\BoundMethod::callBoundMethod(Object(Illuminate\\Foundation\\Application), Array, Object(Closure))
#26 /home/dfyne/dfyne-lab6/services/promotions/vendor/laravel/framework/src/Illuminate/Container/Container.php(799): Illuminate\\Container\\BoundMethod::call(Object(Illuminate\\Foundation\\Application), Array, Array, NULL)
#27 /home/dfyne/dfyne-lab6/services/promotions/vendor/laravel/framework/src/Illuminate/Console/Command.php(280): Illuminate\\Container\\Container->call(Array)
#28 /home/dfyne/dfyne-lab6/services/promotions/vendor/symfony/console/Command/Command.php(284): Illuminate\\Console\\Command->execute(Object(Symfony\\Component\\Console\\Input\\ArgvInput), Object(Illuminate\\Console\\OutputStyle))
#29 /home/dfyne/dfyne-lab6/services/promotions/vendor/laravel/framework/src/Illuminate/Console/Command.php(249): Symfony\\Component\\Console\\Command\\Command->run(Object(Symfony\\Component\\Console\\Input\\ArgvInput), Object(Illuminate\\Console\\OutputStyle))
#30 /home/dfyne/dfyne-lab6/services/promotions/vendor/symfony/console/Application.php(1144): Illuminate\\Console\\Command->run(Object(Symfony\\Component\\Console\\Input\\ArgvInput), Object(Symfony\\Component\\Console\\Output\\ConsoleOutput))
#31 /home/dfyne/dfyne-lab6/services/promotions/vendor/symfony/console/Application.php(379): Symfony\\Component\\Console\\Application->doRunCommand(Object(Illuminate\\Queue\\Console\\WorkCommand), Object(Symfony\\Component\\Console\\Input\\ArgvInput), Object(Symfony\\Component\\Console\\Output\\ConsoleOutput))
#32 /home/dfyne/dfyne-lab6/services/promotions/vendor/symfony/console/Application.php(218): Symfony\\Component\\Console\\Application->doRun(Object(Symfony\\Component\\Console\\Input\\ArgvInput), Object(Symfony\\Component\\Console\\Output\\ConsoleOutput))
#33 /home/dfyne/dfyne-lab6/services/promotions/vendor/laravel/framework/src/Illuminate/Foundation/Console/Kernel.php(198): Symfony\\Component\\Console\\Application->run(Object(Symfony\\Component\\Console\\Input\\ArgvInput), Object(Symfony\\Component\\Console\\Output\\ConsoleOutput))
#34 /home/dfyne/dfyne-lab6/services/promotions/vendor/laravel/framework/src/Illuminate/Foundation/Application.php(1235): Illuminate\\Foundation\\Console\\Kernel->handle(Object(Symfony\\Component\\Console\\Input\\ArgvInput), Object(Symfony\\Component\\Console\\Output\\ConsoleOutput))
#35 /home/dfyne/dfyne-lab6/services/promotions/artisan(16): Illuminate\\Foundation\\Application->handleCommand(Object(Symfony\\Component\\Console\\Input\\ArgvInput))
#36 {main}
"} 
[2026-06-29 10:22:53] local.ERROR: SQLSTATE[08006] [7] connection to server at "127.0.0.1", port 5432 failed: Connection refused
	Is the server running on that host and accepting TCP/IP connections? (Connection: pgsql, Host: 127.0.0.1, Port: 5432, Database: promotions, SQL: select * from "cache" where "key" in (laravel-cache-illuminate:queue:paused:database:default)) {"exception":"[object] (Illuminate\\Database\\QueryException(code: 7): SQLSTATE[08006] [7] connection to server at \"127.0.0.1\", port 5432 failed: Connection refused
\tIs the server running on that host and accepting TCP/IP connections? (Connection: pgsql, Host: 127.0.0.1, Port: 5432, Database: promotions, SQL: select * from \"cache\" where \"key\" in (laravel-cache-illuminate:queue:paused:database:default)) at /home/dfyne/dfyne-lab6/services/promotions/vendor/laravel/framework/src/Illuminate/Database/Connection.php:857)
[stacktrace]
#0 /home/dfyne/dfyne-lab6/services/promotions/vendor/laravel/framework/src/Illuminate/Database/Connection.php(813): Illuminate\\Database\\Connection->runQueryCallback('select * from \"...', Array, Object(Closure))
#1 /home/dfyne/dfyne-lab6/services/promotions/vendor/laravel/framework/src/Illuminate/Database/Connection.php(426): Illuminate\\Database\\Connection->run('select * from \"...', Array, Object(Closure))
#2 /home/dfyne/dfyne-lab6/services/promotions/vendor/laravel/framework/src/Illuminate/Database/Query/Builder.php(3573): Illuminate\\Database\\Connection->select('select * from \"...', Array, true, Array)
#3 /home/dfyne/dfyne-lab6/services/promotions/vendor/laravel/framework/src/Illuminate/Database/Query/Builder.php(3557): Illuminate\\Database\\Query\\Builder->runSelect()
#4 /home/dfyne/dfyne-lab6/services/promotions/vendor/laravel/framework/src/Illuminate/Cache/DatabaseStore.php(142): Illuminate\\Database\\Query\\Builder->get()
#5 /home/dfyne/dfyne-lab6/services/promotions/vendor/laravel/framework/src/Illuminate/Cache/Repository.php(167): Illuminate\\Cache\\DatabaseStore->many(Array)
#6 /home/dfyne/dfyne-lab6/services/promotions/vendor/laravel/framework/src/Illuminate/Queue/QueueManager.php(298): Illuminate\\Cache\\Repository->many(Array)
#7 /home/dfyne/dfyne-lab6/services/promotions/vendor/laravel/framework/src/Illuminate/Queue/Worker.php(483): Illuminate\\Queue\\QueueManager->getPausedQueues('database', Array)
#8 /home/dfyne/dfyne-lab6/services/promotions/vendor/laravel/framework/src/Illuminate/Queue/Worker.php(444): Illuminate\\Queue\\Worker->getPausedQueues('database', Array)
#9 /home/dfyne/dfyne-lab6/services/promotions/vendor/laravel/framework/src/Illuminate/Queue/Worker.php(404): Illuminate\\Queue\\Worker->getNextJob(Object(Illuminate\\Queue\\DatabaseQueue), 'default')
#10 /home/dfyne/dfyne-lab6/services/promotions/vendor/laravel/framework/src/Illuminate/Queue/Console/WorkCommand.php(149): Illuminate\\Queue\\Worker->runNextJob('database', 'default', Object(Illuminate\\Queue\\WorkerOptions))
#11 /home/dfyne/dfyne-lab6/services/promotions/vendor/laravel/framework/src/Illuminate/Queue/Console/WorkCommand.php(132): Illuminate\\Queue\\Console\\WorkCommand->runWorker('database', 'default')
#12 /home/dfyne/dfyne-lab6/services/promotions/vendor/laravel/framework/src/Illuminate/Container/BoundMethod.php(36): Illuminate\\Queue\\Console\\WorkCommand->handle()
#13 /home/dfyne/dfyne-lab6/services/promotions/vendor/laravel/framework/src/Illuminate/Container/Util.php(43): Illuminate\\Container\\BoundMethod::{closure:Illuminate\\Container\\BoundMethod::call():35}()
#14 /home/dfyne/dfyne-lab6/services/promotions/vendor/laravel/framework/src/Illuminate/Container/BoundMethod.php(96): Illuminate\\Container\\Util::unwrapIfClosure(Object(Closure))
#15 /home/dfyne/dfyne-lab6/services/promotions/vendor/laravel/framework/src/Illuminate/Container/BoundMethod.php(35): Illuminate\\Container\\BoundMethod::callBoundMethod(Object(Illuminate\\Foundation\\Application), Array, Object(Closure))
#16 /home/dfyne/dfyne-lab6/services/promotions/vendor/laravel/framework/src/Illuminate/Container/Container.php(799): Illuminate\\Container\\BoundMethod::call(Object(Illuminate\\Foundation\\Application), Array, Array, NULL)
#17 /home/dfyne/dfyne-lab6/services/promotions/vendor/laravel/framework/src/Illuminate/Console/Command.php(280): Illuminate\\Container\\Container->call(Array)
#18 /home/dfyne/dfyne-lab6/services/promotions/vendor/symfony/console/Command/Command.php(284): Illuminate\\Console\\Command->execute(Object(Symfony\\Component\\Console\\Input\\ArgvInput), Object(Illuminate\\Console\\OutputStyle))
#19 /home/dfyne/dfyne-lab6/services/promotions/vendor/laravel/framework/src/Illuminate/Console/Command.php(249): Symfony\\Component\\Console\\Command\\Command->run(Object(Symfony\\Component\\Console\\Input\\ArgvInput), Object(Illuminate\\Console\\OutputStyle))
#20 /home/dfyne/dfyne-lab6/services/promotions/vendor/symfony/console/Application.php(1144): Illuminate\\Console\\Command->run(Object(Symfony\\Component\\Console\\Input\\ArgvInput), Object(Symfony\\Component\\Console\\Output\\ConsoleOutput))
#21 /home/dfyne/dfyne-lab6/services/promotions/vendor/symfony/console/Application.php(379): Symfony\\Component\\Console\\Application->doRunCommand(Object(Illuminate\\Queue\\Console\\WorkCommand), Object(Symfony\\Component\\Console\\Input\\ArgvInput), Object(Symfony\\Component\\Console\\Output\\ConsoleOutput))
#22 /home/dfyne/dfyne-lab6/services/promotions/vendor/symfony/console/Application.php(218): Symfony\\Component\\Console\\Application->doRun(Object(Symfony\\Component\\Console\\Input\\ArgvInput), Object(Symfony\\Component\\Console\\Output\\ConsoleOutput))
#23 /home/dfyne/dfyne-lab6/services/promotions/vendor/laravel/framework/src/Illuminate/Foundation/Console/Kernel.php(198): Symfony\\Component\\Console\\Application->run(Object(Symfony\\Component\\Console\\Input\\ArgvInput), Object(Symfony\\Component\\Console\\Output\\ConsoleOutput))
#24 /home/dfyne/dfyne-lab6/services/promotions/vendor/laravel/framework/src/Illuminate/Foundation/Application.php(1235): Illuminate\\Foundation\\Console\\Kernel->handle(Object(Symfony\\Component\\Console\\Input\\ArgvInput), Object(Symfony\\Component\\Console\\Output\\ConsoleOutput))
#25 /home/dfyne/dfyne-lab6/services/promotions/artisan(16): Illuminate\\Foundation\\Application->handleCommand(Object(Symfony\\Component\\Console\\Input\\ArgvInput))
#26 {main}

[previous exception] [object] (PDOException(code: 7): SQLSTATE[08006] [7] connection to server at \"127.0.0.1\", port 5432 failed: Connection refused
\tIs the server running on that host and accepting TCP/IP connections? at /home/dfyne/dfyne-lab6/services/promotions/vendor/laravel/framework/src/Illuminate/Database/Connectors/Connector.php:67)
[stacktrace]
#0 /home/dfyne/dfyne-lab6/services/promotions/vendor/laravel/framework/src/Illuminate/Database/Connectors/Connector.php(67): PDO::connect('pgsql:host=127....', 'root', Object(SensitiveParameterValue), Array)
#1 /home/dfyne/dfyne-lab6/services/promotions/vendor/laravel/framework/src/Illuminate/Database/Connectors/Connector.php(44): Illuminate\\Database\\Connectors\\Connector->createPdoConnection('pgsql:host=127....', 'root', Object(SensitiveParameterValue), Array)
#2 /home/dfyne/dfyne-lab6/services/promotions/vendor/laravel/framework/src/Illuminate/Database/Connectors/PostgresConnector.php(35): Illuminate\\Database\\Connectors\\Connector->createConnection('pgsql:host=127....', Array, Array)
#3 /home/dfyne/dfyne-lab6/services/promotions/vendor/laravel/framework/src/Illuminate/Database/Connectors/ConnectionFactory.php(220): Illuminate\\Database\\Connectors\\PostgresConnector->connect(Array)
#4 [internal function]: Illuminate\\Database\\Connectors\\ConnectionFactory->{closure:Illuminate\\Database\\Connectors\\ConnectionFactory::createPdoResolverWithHosts():213}()
#5 /home/dfyne/dfyne-lab6/services/promotions/vendor/laravel/framework/src/Illuminate/Database/Connection.php(1297): call_user_func(Object(Closure))
#6 /home/dfyne/dfyne-lab6/services/promotions/vendor/laravel/framework/src/Illuminate/Database/Connection.php(1335): Illuminate\\Database\\Connection->getPdo()
#7 /home/dfyne/dfyne-lab6/services/promotions/vendor/laravel/framework/src/Illuminate/Database/Connection.php(542): Illuminate\\Database\\Connection->getReadPdo()
#8 /home/dfyne/dfyne-lab6/services/promotions/vendor/laravel/framework/src/Illuminate/Database/Connection.php(435): Illuminate\\Database\\Connection->getPdoForSelect(true)
#9 /home/dfyne/dfyne-lab6/services/promotions/vendor/laravel/framework/src/Illuminate/Database/Connection.php(846): Illuminate\\Database\\Connection->{closure:Illuminate\\Database\\Connection::select():426}('select * from \"...', Array)
#10 /home/dfyne/dfyne-lab6/services/promotions/vendor/laravel/framework/src/Illuminate/Database/Connection.php(813): Illuminate\\Database\\Connection->runQueryCallback('select * from \"...', Array, Object(Closure))
#11 /home/dfyne/dfyne-lab6/services/promotions/vendor/laravel/framework/src/Illuminate/Database/Connection.php(426): Illuminate\\Database\\Connection->run('select * from \"...', Array, Object(Closure))
#12 /home/dfyne/dfyne-lab6/services/promotions/vendor/laravel/framework/src/Illuminate/Database/Query/Builder.php(3573): Illuminate\\Database\\Connection->select('select * from \"...', Array, true, Array)
#13 /home/dfyne/dfyne-lab6/services/promotions/vendor/laravel/framework/src/Illuminate/Database/Query/Builder.php(3557): Illuminate\\Database\\Query\\Builder->runSelect()
#14 /home/dfyne/dfyne-lab6/services/promotions/vendor/laravel/framework/src/Illuminate/Cache/DatabaseStore.php(142): Illuminate\\Database\\Query\\Builder->get()
#15 /home/dfyne/dfyne-lab6/services/promotions/vendor/laravel/framework/src/Illuminate/Cache/Repository.php(167): Illuminate\\Cache\\DatabaseStore->many(Array)
#16 /home/dfyne/dfyne-lab6/services/promotions/vendor/laravel/framework/src/Illuminate/Queue/QueueManager.php(298): Illuminate\\Cache\\Repository->many(Array)
#17 /home/dfyne/dfyne-lab6/services/promotions/vendor/laravel/framework/src/Illuminate/Queue/Worker.php(483): Illuminate\\Queue\\QueueManager->getPausedQueues('database', Array)
#18 /home/dfyne/dfyne-lab6/services/promotions/vendor/laravel/framework/src/Illuminate/Queue/Worker.php(444): Illuminate\\Queue\\Worker->getPausedQueues('database', Array)
#19 /home/dfyne/dfyne-lab6/services/promotions/vendor/laravel/framework/src/Illuminate/Queue/Worker.php(404): Illuminate\\Queue\\Worker->getNextJob(Object(Illuminate\\Queue\\DatabaseQueue), 'default')
#20 /home/dfyne/dfyne-lab6/services/promotions/vendor/laravel/framework/src/Illuminate/Queue/Console/WorkCommand.php(149): Illuminate\\Queue\\Worker->runNextJob('database', 'default', Object(Illuminate\\Queue\\WorkerOptions))
#21 /home/dfyne/dfyne-lab6/services/promotions/vendor/laravel/framework/src/Illuminate/Queue/Console/WorkCommand.php(132): Illuminate\\Queue\\Console\\WorkCommand->runWorker('database', 'default')
#22 /home/dfyne/dfyne-lab6/services/promotions/vendor/laravel/framework/src/Illuminate/Container/BoundMethod.php(36): Illuminate\\Queue\\Console\\WorkCommand->handle()
#23 /home/dfyne/dfyne-lab6/services/promotions/vendor/laravel/framework/src/Illuminate/Container/Util.php(43): Illuminate\\Container\\BoundMethod::{closure:Illuminate\\Container\\BoundMethod::call():35}()
#24 /home/dfyne/dfyne-lab6/services/promotions/vendor/laravel/framework/src/Illuminate/Container/BoundMethod.php(96): Illuminate\\Container\\Util::unwrapIfClosure(Object(Closure))
#25 /home/dfyne/dfyne-lab6/services/promotions/vendor/laravel/framework/src/Illuminate/Container/BoundMethod.php(35): Illuminate\\Container\\BoundMethod::callBoundMethod(Object(Illuminate\\Foundation\\Application), Array, Object(Closure))
#26 /home/dfyne/dfyne-lab6/services/promotions/vendor/laravel/framework/src/Illuminate/Container/Container.php(799): Illuminate\\Container\\BoundMethod::call(Object(Illuminate\\Foundation\\Application), Array, Array, NULL)
#27 /home/dfyne/dfyne-lab6/services/promotions/vendor/laravel/framework/src/Illuminate/Console/Command.php(280): Illuminate\\Container\\Container->call(Array)
#28 /home/dfyne/dfyne-lab6/services/promotions/vendor/symfony/console/Command/Command.php(284): Illuminate\\Console\\Command->execute(Object(Symfony\\Component\\Console\\Input\\ArgvInput), Object(Illuminate\\Console\\OutputStyle))
#29 /home/dfyne/dfyne-lab6/services/promotions/vendor/laravel/framework/src/Illuminate/Console/Command.php(249): Symfony\\Component\\Console\\Command\\Command->run(Object(Symfony\\Component\\Console\\Input\\ArgvInput), Object(Illuminate\\Console\\OutputStyle))
#30 /home/dfyne/dfyne-lab6/services/promotions/vendor/symfony/console/Application.php(1144): Illuminate\\Console\\Command->run(Object(Symfony\\Component\\Console\\Input\\ArgvInput), Object(Symfony\\Component\\Console\\Output\\ConsoleOutput))
#31 /home/dfyne/dfyne-lab6/services/promotions/vendor/symfony/console/Application.php(379): Symfony\\Component\\Console\\Application->doRunCommand(Object(Illuminate\\Queue\\Console\\WorkCommand), Object(Symfony\\Component\\Console\\Input\\ArgvInput), Object(Symfony\\Component\\Console\\Output\\ConsoleOutput))
#32 /home/dfyne/dfyne-lab6/services/promotions/vendor/symfony/console/Application.php(218): Symfony\\Component\\Console\\Application->doRun(Object(Symfony\\Component\\Console\\Input\\ArgvInput), Object(Symfony\\Component\\Console\\Output\\ConsoleOutput))
#33 /home/dfyne/dfyne-lab6/services/promotions/vendor/laravel/framework/src/Illuminate/Foundation/Console/Kernel.php(198): Symfony\\Component\\Console\\Application->run(Object(Symfony\\Component\\Console\\Input\\ArgvInput), Object(Symfony\\Component\\Console\\Output\\ConsoleOutput))
#34 /home/dfyne/dfyne-lab6/services/promotions/vendor/laravel/framework/src/Illuminate/Foundation/Application.php(1235): Illuminate\\Foundation\\Console\\Kernel->handle(Object(Symfony\\Component\\Console\\Input\\ArgvInput), Object(Symfony\\Component\\Console\\Output\\ConsoleOutput))
#35 /home/dfyne/dfyne-lab6/services/promotions/artisan(16): Illuminate\\Foundation\\Application->handleCommand(Object(Symfony\\Component\\Console\\Input\\ArgvInput))
#36 {main}
"} 
[2026-06-29 10:22:58] local.ERROR: SQLSTATE[08006] [7] connection to server at "127.0.0.1", port 5432 failed: Connection refused
	Is the server running on that host and accepting TCP/IP connections? (Connection: pgsql, Host: 127.0.0.1, Port: 5432, Database: promotions, SQL: select * from "cache" where "key" in (laravel-cache-illuminate:queue:paused:database:default)) {"exception":"[object] (Illuminate\\Database\\QueryException(code: 7): SQLSTATE[08006] [7] connection to server at \"127.0.0.1\", port 5432 failed: Connection refused
\tIs the server running on that host and accepting TCP/IP connections? (Connection: pgsql, Host: 127.0.0.1, Port: 5432, Database: promotions, SQL: select * from \"cache\" where \"key\" in (laravel-cache-illuminate:queue:paused:database:default)) at /home/dfyne/dfyne-lab6/services/promotions/vendor/laravel/framework/src/Illuminate/Database/Connection.php:857)
[stacktrace]
#0 /home/dfyne/dfyne-lab6/services/promotions/vendor/laravel/framework/src/Illuminate/Database/Connection.php(813): Illuminate\\Database\\Connection->runQueryCallback('select * from \"...', Array, Object(Closure))
#1 /home/dfyne/dfyne-lab6/services/promotions/vendor/laravel/framework/src/Illuminate/Database/Connection.php(426): Illuminate\\Database\\Connection->run('select * from \"...', Array, Object(Closure))
#2 /home/dfyne/dfyne-lab6/services/promotions/vendor/laravel/framework/src/Illuminate/Database/Query/Builder.php(3573): Illuminate\\Database\\Connection->select('select * from \"...', Array, true, Array)
#3 /home/dfyne/dfyne-lab6/services/promotions/vendor/laravel/framework/src/Illuminate/Database/Query/Builder.php(3557): Illuminate\\Database\\Query\\Builder->runSelect()
#4 /home/dfyne/dfyne-lab6/services/promotions/vendor/laravel/framework/src/Illuminate/Cache/DatabaseStore.php(142): Illuminate\\Database\\Query\\Builder->get()
#5 /home/dfyne/dfyne-lab6/services/promotions/vendor/laravel/framework/src/Illuminate/Cache/Repository.php(167): Illuminate\\Cache\\DatabaseStore->many(Array)
#6 /home/dfyne/dfyne-lab6/services/promotions/vendor/laravel/framework/src/Illuminate/Queue/QueueManager.php(298): Illuminate\\Cache\\Repository->many(Array)
#7 /home/dfyne/dfyne-lab6/services/promotions/vendor/laravel/framework/src/Illuminate/Queue/Worker.php(483): Illuminate\\Queue\\QueueManager->getPausedQueues('database', Array)
#8 /home/dfyne/dfyne-lab6/services/promotions/vendor/laravel/framework/src/Illuminate/Queue/Worker.php(444): Illuminate\\Queue\\Worker->getPausedQueues('database', Array)
#9 /home/dfyne/dfyne-lab6/services/promotions/vendor/laravel/framework/src/Illuminate/Queue/Worker.php(404): Illuminate\\Queue\\Worker->getNextJob(Object(Illuminate\\Queue\\DatabaseQueue), 'default')
#10 /home/dfyne/dfyne-lab6/services/promotions/vendor/laravel/framework/src/Illuminate/Queue/Console/WorkCommand.php(149): Illuminate\\Queue\\Worker->runNextJob('database', 'default', Object(Illuminate\\Queue\\WorkerOptions))
#11 /home/dfyne/dfyne-lab6/services/promotions/vendor/laravel/framework/src/Illuminate/Queue/Console/WorkCommand.php(132): Illuminate\\Queue\\Console\\WorkCommand->runWorker('database', 'default')
#12 /home/dfyne/dfyne-lab6/services/promotions/vendor/laravel/framework/src/Illuminate/Container/BoundMethod.php(36): Illuminate\\Queue\\Console\\WorkCommand->handle()
#13 /home/dfyne/dfyne-lab6/services/promotions/vendor/laravel/framework/src/Illuminate/Container/Util.php(43): Illuminate\\Container\\BoundMethod::{closure:Illuminate\\Container\\BoundMethod::call():35}()
#14 /home/dfyne/dfyne-lab6/services/promotions/vendor/laravel/framework/src/Illuminate/Container/BoundMethod.php(96): Illuminate\\Container\\Util::unwrapIfClosure(Object(Closure))
#15 /home/dfyne/dfyne-lab6/services/promotions/vendor/laravel/framework/src/Illuminate/Container/BoundMethod.php(35): Illuminate\\Container\\BoundMethod::callBoundMethod(Object(Illuminate\\Foundation\\Application), Array, Object(Closure))
#16 /home/dfyne/dfyne-lab6/services/promotions/vendor/laravel/framework/src/Illuminate/Container/Container.php(799): Illuminate\\Container\\BoundMethod::call(Object(Illuminate\\Foundation\\Application), Array, Array, NULL)
#17 /home/dfyne/dfyne-lab6/services/promotions/vendor/laravel/framework/src/Illuminate/Console/Command.php(280): Illuminate\\Container\\Container->call(Array)
#18 /home/dfyne/dfyne-lab6/services/promotions/vendor/symfony/console/Command/Command.php(284): Illuminate\\Console\\Command->execute(Object(Symfony\\Component\\Console\\Input\\ArgvInput), Object(Illuminate\\Console\\OutputStyle))
#19 /home/dfyne/dfyne-lab6/services/promotions/vendor/laravel/framework/src/Illuminate/Console/Command.php(249): Symfony\\Component\\Console\\Command\\Command->run(Object(Symfony\\Component\\Console\\Input\\ArgvInput), Object(Illuminate\\Console\\OutputStyle))
#20 /home/dfyne/dfyne-lab6/services/promotions/vendor/symfony/console/Application.php(1144): Illuminate\\Console\\Command->run(Object(Symfony\\Component\\Console\\Input\\ArgvInput), Object(Symfony\\Component\\Console\\Output\\ConsoleOutput))
#21 /home/dfyne/dfyne-lab6/services/promotions/vendor/symfony/console/Application.php(379): Symfony\\Component\\Console\\Application->doRunCommand(Object(Illuminate\\Queue\\Console\\WorkCommand), Object(Symfony\\Component\\Console\\Input\\ArgvInput), Object(Symfony\\Component\\Console\\Output\\ConsoleOutput))
#22 /home/dfyne/dfyne-lab6/services/promotions/vendor/symfony/console/Application.php(218): Symfony\\Component\\Console\\Application->doRun(Object(Symfony\\Component\\Console\\Input\\ArgvInput), Object(Symfony\\Component\\Console\\Output\\ConsoleOutput))
#23 /home/dfyne/dfyne-lab6/services/promotions/vendor/laravel/framework/src/Illuminate/Foundation/Console/Kernel.php(198): Symfony\\Component\\Console\\Application->run(Object(Symfony\\Component\\Console\\Input\\ArgvInput), Object(Symfony\\Component\\Console\\Output\\ConsoleOutput))
#24 /home/dfyne/dfyne-lab6/services/promotions/vendor/laravel/framework/src/Illuminate/Foundation/Application.php(1235): Illuminate\\Foundation\\Console\\Kernel->handle(Object(Symfony\\Component\\Console\\Input\\ArgvInput), Object(Symfony\\Component\\Console\\Output\\ConsoleOutput))
#25 /home/dfyne/dfyne-lab6/services/promotions/artisan(16): Illuminate\\Foundation\\Application->handleCommand(Object(Symfony\\Component\\Console\\Input\\ArgvInput))
#26 {main}

[previous exception] [object] (PDOException(code: 7): SQLSTATE[08006] [7] connection to server at \"127.0.0.1\", port 5432 failed: Connection refused
\tIs the server running on that host and accepting TCP/IP connections? at /home/dfyne/dfyne-lab6/services/promotions/vendor/laravel/framework/src/Illuminate/Database/Connectors/Connector.php:67)
[stacktrace]
#0 /home/dfyne/dfyne-lab6/services/promotions/vendor/laravel/framework/src/Illuminate/Database/Connectors/Connector.php(67): PDO::connect('pgsql:host=127....', 'root', Object(SensitiveParameterValue), Array)
#1 /home/dfyne/dfyne-lab6/services/promotions/vendor/laravel/framework/src/Illuminate/Database/Connectors/Connector.php(44): Illuminate\\Database\\Connectors\\Connector->createPdoConnection('pgsql:host=127....', 'root', Object(SensitiveParameterValue), Array)
#2 /home/dfyne/dfyne-lab6/services/promotions/vendor/laravel/framework/src/Illuminate/Database/Connectors/PostgresConnector.php(35): Illuminate\\Database\\Connectors\\Connector->createConnection('pgsql:host=127....', Array, Array)
#3 /home/dfyne/dfyne-lab6/services/promotions/vendor/laravel/framework/src/Illuminate/Database/Connectors/ConnectionFactory.php(220): Illuminate\\Database\\Connectors\\PostgresConnector->connect(Array)
#4 [internal function]: Illuminate\\Database\\Connectors\\ConnectionFactory->{closure:Illuminate\\Database\\Connectors\\ConnectionFactory::createPdoResolverWithHosts():213}()
#5 /home/dfyne/dfyne-lab6/services/promotions/vendor/laravel/framework/src/Illuminate/Database/Connection.php(1297): call_user_func(Object(Closure))
#6 /home/dfyne/dfyne-lab6/services/promotions/vendor/laravel/framework/src/Illuminate/Database/Connection.php(1335): Illuminate\\Database\\Connection->getPdo()
#7 /home/dfyne/dfyne-lab6/services/promotions/vendor/laravel/framework/src/Illuminate/Database/Connection.php(542): Illuminate\\Database\\Connection->getReadPdo()
#8 /home/dfyne/dfyne-lab6/services/promotions/vendor/laravel/framework/src/Illuminate/Database/Connection.php(435): Illuminate\\Database\\Connection->getPdoForSelect(true)
#9 /home/dfyne/dfyne-lab6/services/promotions/vendor/laravel/framework/src/Illuminate/Database/Connection.php(846): Illuminate\\Database\\Connection->{closure:Illuminate\\Database\\Connection::select():426}('select * from \"...', Array)
#10 /home/dfyne/dfyne-lab6/services/promotions/vendor/laravel/framework/src/Illuminate/Database/Connection.php(813): Illuminate\\Database\\Connection->runQueryCallback('select * from \"...', Array, Object(Closure))
#11 /home/dfyne/dfyne-lab6/services/promotions/vendor/laravel/framework/src/Illuminate/Database/Connection.php(426): Illuminate\\Database\\Connection->run('select * from \"...', Array, Object(Closure))
#12 /home/dfyne/dfyne-lab6/services/promotions/vendor/laravel/framework/src/Illuminate/Database/Query/Builder.php(3573): Illuminate\\Database\\Connection->select('select * from \"...', Array, true, Array)
#13 /home/dfyne/dfyne-lab6/services/promotions/vendor/laravel/framework/src/Illuminate/Database/Query/Builder.php(3557): Illuminate\\Database\\Query\\Builder->runSelect()
#14 /home/dfyne/dfyne-lab6/services/promotions/vendor/laravel/framework/src/Illuminate/Cache/DatabaseStore.php(142): Illuminate\\Database\\Query\\Builder->get()
#15 /home/dfyne/dfyne-lab6/services/promotions/vendor/laravel/framework/src/Illuminate/Cache/Repository.php(167): Illuminate\\Cache\\DatabaseStore->many(Array)
#16 /home/dfyne/dfyne-lab6/services/promotions/vendor/laravel/framework/src/Illuminate/Queue/QueueManager.php(298): Illuminate\\Cache\\Repository->many(Array)
#17 /home/dfyne/dfyne-lab6/services/promotions/vendor/laravel/framework/src/Illuminate/Queue/Worker.php(483): Illuminate\\Queue\\QueueManager->getPausedQueues('database', Array)
#18 /home/dfyne/dfyne-lab6/services/promotions/vendor/laravel/framework/src/Illuminate/Queue/Worker.php(444): Illuminate\\Queue\\Worker->getPausedQueues('database', Array)
#19 /home/dfyne/dfyne-lab6/services/promotions/vendor/laravel/framework/src/Illuminate/Queue/Worker.php(404): Illuminate\\Queue\\Worker->getNextJob(Object(Illuminate\\Queue\\DatabaseQueue), 'default')
#20 /home/dfyne/dfyne-lab6/services/promotions/vendor/laravel/framework/src/Illuminate/Queue/Console/WorkCommand.php(149): Illuminate\\Queue\\Worker->runNextJob('database', 'default', Object(Illuminate\\Queue\\WorkerOptions))
#21 /home/dfyne/dfyne-lab6/services/promotions/vendor/laravel/framework/src/Illuminate/Queue/Console/WorkCommand.php(132): Illuminate\\Queue\\Console\\WorkCommand->runWorker('database', 'default')
#22 /home/dfyne/dfyne-lab6/services/promotions/vendor/laravel/framework/src/Illuminate/Container/BoundMethod.php(36): Illuminate\\Queue\\Console\\WorkCommand->handle()
#23 /home/dfyne/dfyne-lab6/services/promotions/vendor/laravel/framework/src/Illuminate/Container/Util.php(43): Illuminate\\Container\\BoundMethod::{closure:Illuminate\\Container\\BoundMethod::call():35}()
#24 /home/dfyne/dfyne-lab6/services/promotions/vendor/laravel/framework/src/Illuminate/Container/BoundMethod.php(96): Illuminate\\Container\\Util::unwrapIfClosure(Object(Closure))
#25 /home/dfyne/dfyne-lab6/services/promotions/vendor/laravel/framework/src/Illuminate/Container/BoundMethod.php(35): Illuminate\\Container\\BoundMethod::callBoundMethod(Object(Illuminate\\Foundation\\Application), Array, Object(Closure))
#26 /home/dfyne/dfyne-lab6/services/promotions/vendor/laravel/framework/src/Illuminate/Container/Container.php(799): Illuminate\\Container\\BoundMethod::call(Object(Illuminate\\Foundation\\Application), Array, Array, NULL)
#27 /home/dfyne/dfyne-lab6/services/promotions/vendor/laravel/framework/src/Illuminate/Console/Command.php(280): Illuminate\\Container\\Container->call(Array)
#28 /home/dfyne/dfyne-lab6/services/promotions/vendor/symfony/console/Command/Command.php(284): Illuminate\\Console\\Command->execute(Object(Symfony\\Component\\Console\\Input\\ArgvInput), Object(Illuminate\\Console\\OutputStyle))
#29 /home/dfyne/dfyne-lab6/services/promotions/vendor/laravel/framework/src/Illuminate/Console/Command.php(249): Symfony\\Component\\Console\\Command\\Command->run(Object(Symfony\\Component\\Console\\Input\\ArgvInput), Object(Illuminate\\Console\\OutputStyle))
#30 /home/dfyne/dfyne-lab6/services/promotions/vendor/symfony/console/Application.php(1144): Illuminate\\Console\\Command->run(Object(Symfony\\Component\\Console\\Input\\ArgvInput), Object(Symfony\\Component\\Console\\Output\\ConsoleOutput))
#31 /home/dfyne/dfyne-lab6/services/promotions/vendor/symfony/console/Application.php(379): Symfony\\Component\\Console\\Application->doRunCommand(Object(Illuminate\\Queue\\Console\\WorkCommand), Object(Symfony\\Component\\Console\\Input\\ArgvInput), Object(Symfony\\Component\\Console\\Output\\ConsoleOutput))
#32 /home/dfyne/dfyne-lab6/services/promotions/vendor/symfony/console/Application.php(218): Symfony\\Component\\Console\\Application->doRun(Object(Symfony\\Component\\Console\\Input\\ArgvInput), Object(Symfony\\Component\\Console\\Output\\ConsoleOutput))
#33 /home/dfyne/dfyne-lab6/services/promotions/vendor/laravel/framework/src/Illuminate/Foundation/Console/Kernel.php(198): Symfony\\Component\\Console\\Application->run(Object(Symfony\\Component\\Console\\Input\\ArgvInput), Object(Symfony\\Component\\Console\\Output\\ConsoleOutput))
#34 /home/dfyne/dfyne-lab6/services/promotions/vendor/laravel/framework/src/Illuminate/Foundation/Application.php(1235): Illuminate\\Foundation\\Console\\Kernel->handle(Object(Symfony\\Component\\Console\\Input\\ArgvInput), Object(Symfony\\Component\\Console\\Output\\ConsoleOutput))
#35 /home/dfyne/dfyne-lab6/services/promotions/artisan(16): Illuminate\\Foundation\\Application->handleCommand(Object(Symfony\\Component\\Console\\Input\\ArgvInput))
#36 {main}
"} 
[2026-06-29 10:23:02] local.ERROR: SQLSTATE[08006] [7] connection to server at "127.0.0.1", port 5432 failed: Connection refused
	Is the server running on that host and accepting TCP/IP connections? (Connection: pgsql, Host: 127.0.0.1, Port: 5432, Database: promotions, SQL: select * from "cache" where "key" in (laravel-cache-illuminate:queue:paused:database:default)) {"exception":"[object] (Illuminate\\Database\\QueryException(code: 7): SQLSTATE[08006] [7] connection to server at \"127.0.0.1\", port 5432 failed: Connection refused
\tIs the server running on that host and accepting TCP/IP connections? (Connection: pgsql, Host: 127.0.0.1, Port: 5432, Database: promotions, SQL: select * from \"cache\" where \"key\" in (laravel-cache-illuminate:queue:paused:database:default)) at /home/dfyne/dfyne-lab6/services/promotions/vendor/laravel/framework/src/Illuminate/Database/Connection.php:857)
[stacktrace]
#0 /home/dfyne/dfyne-lab6/services/promotions/vendor/laravel/framework/src/Illuminate/Database/Connection.php(813): Illuminate\\Database\\Connection->runQueryCallback('select * from \"...', Array, Object(Closure))
#1 /home/dfyne/dfyne-lab6/services/promotions/vendor/laravel/framework/src/Illuminate/Database/Connection.php(426): Illuminate\\Database\\Connection->run('select * from \"...', Array, Object(Closure))
#2 /home/dfyne/dfyne-lab6/services/promotions/vendor/laravel/framework/src/Illuminate/Database/Query/Builder.php(3573): Illuminate\\Database\\Connection->select('select * from \"...', Array, true, Array)
#3 /home/dfyne/dfyne-lab6/services/promotions/vendor/laravel/framework/src/Illuminate/Database/Query/Builder.php(3557): Illuminate\\Database\\Query\\Builder->runSelect()
#4 /home/dfyne/dfyne-lab6/services/promotions/vendor/laravel/framework/src/Illuminate/Cache/DatabaseStore.php(142): Illuminate\\Database\\Query\\Builder->get()
#5 /home/dfyne/dfyne-lab6/services/promotions/vendor/laravel/framework/src/Illuminate/Cache/Repository.php(167): Illuminate\\Cache\\DatabaseStore->many(Array)
#6 /home/dfyne/dfyne-lab6/services/promotions/vendor/laravel/framework/src/Illuminate/Queue/QueueManager.php(298): Illuminate\\Cache\\Repository->many(Array)
#7 /home/dfyne/dfyne-lab6/services/promotions/vendor/laravel/framework/src/Illuminate/Queue/Worker.php(483): Illuminate\\Queue\\QueueManager->getPausedQueues('database', Array)
#8 /home/dfyne/dfyne-lab6/services/promotions/vendor/laravel/framework/src/Illuminate/Queue/Worker.php(444): Illuminate\\Queue\\Worker->getPausedQueues('database', Array)
#9 /home/dfyne/dfyne-lab6/services/promotions/vendor/laravel/framework/src/Illuminate/Queue/Worker.php(404): Illuminate\\Queue\\Worker->getNextJob(Object(Illuminate\\Queue\\DatabaseQueue), 'default')
#10 /home/dfyne/dfyne-lab6/services/promotions/vendor/laravel/framework/src/Illuminate/Queue/Console/WorkCommand.php(149): Illuminate\\Queue\\Worker->runNextJob('database', 'default', Object(Illuminate\\Queue\\WorkerOptions))
#11 /home/dfyne/dfyne-lab6/services/promotions/vendor/laravel/framework/src/Illuminate/Queue/Console/WorkCommand.php(132): Illuminate\\Queue\\Console\\WorkCommand->runWorker('database', 'default')
#12 /home/dfyne/dfyne-lab6/services/promotions/vendor/laravel/framework/src/Illuminate/Container/BoundMethod.php(36): Illuminate\\Queue\\Console\\WorkCommand->handle()
#13 /home/dfyne/dfyne-lab6/services/promotions/vendor/laravel/framework/src/Illuminate/Container/Util.php(43): Illuminate\\Container\\BoundMethod::{closure:Illuminate\\Container\\BoundMethod::call():35}()
#14 /home/dfyne/dfyne-lab6/services/promotions/vendor/laravel/framework/src/Illuminate/Container/BoundMethod.php(96): Illuminate\\Container\\Util::unwrapIfClosure(Object(Closure))
#15 /home/dfyne/dfyne-lab6/services/promotions/vendor/laravel/framework/src/Illuminate/Container/BoundMethod.php(35): Illuminate\\Container\\BoundMethod::callBoundMethod(Object(Illuminate\\Foundation\\Application), Array, Object(Closure))
#16 /home/dfyne/dfyne-lab6/services/promotions/vendor/laravel/framework/src/Illuminate/Container/Container.php(799): Illuminate\\Container\\BoundMethod::call(Object(Illuminate\\Foundation\\Application), Array, Array, NULL)
#17 /home/dfyne/dfyne-lab6/services/promotions/vendor/laravel/framework/src/Illuminate/Console/Command.php(280): Illuminate\\Container\\Container->call(Array)
#18 /home/dfyne/dfyne-lab6/services/promotions/vendor/symfony/console/Command/Command.php(284): Illuminate\\Console\\Command->execute(Object(Symfony\\Component\\Console\\Input\\ArgvInput), Object(Illuminate\\Console\\OutputStyle))
#19 /home/dfyne/dfyne-lab6/services/promotions/vendor/laravel/framework/src/Illuminate/Console/Command.php(249): Symfony\\Component\\Console\\Command\\Command->run(Object(Symfony\\Component\\Console\\Input\\ArgvInput), Object(Illuminate\\Console\\OutputStyle))
#20 /home/dfyne/dfyne-lab6/services/promotions/vendor/symfony/console/Application.php(1144): Illuminate\\Console\\Command->run(Object(Symfony\\Component\\Console\\Input\\ArgvInput), Object(Symfony\\Component\\Console\\Output\\ConsoleOutput))
#21 /home/dfyne/dfyne-lab6/services/promotions/vendor/symfony/console/Application.php(379): Symfony\\Component\\Console\\Application->doRunCommand(Object(Illuminate\\Queue\\Console\\WorkCommand), Object(Symfony\\Component\\Console\\Input\\ArgvInput), Object(Symfony\\Component\\Console\\Output\\ConsoleOutput))
#22 /home/dfyne/dfyne-lab6/services/promotions/vendor/symfony/console/Application.php(218): Symfony\\Component\\Console\\Application->doRun(Object(Symfony\\Component\\Console\\Input\\ArgvInput), Object(Symfony\\Component\\Console\\Output\\ConsoleOutput))
#23 /home/dfyne/dfyne-lab6/services/promotions/vendor/laravel/framework/src/Illuminate/Foundation/Console/Kernel.php(198): Symfony\\Component\\Console\\Application->run(Object(Symfony\\Component\\Console\\Input\\ArgvInput), Object(Symfony\\Component\\Console\\Output\\ConsoleOutput))
#24 /home/dfyne/dfyne-lab6/services/promotions/vendor/laravel/framework/src/Illuminate/Foundation/Application.php(1235): Illuminate\\Foundation\\Console\\Kernel->handle(Object(Symfony\\Component\\Console\\Input\\ArgvInput), Object(Symfony\\Component\\Console\\Output\\ConsoleOutput))
#25 /home/dfyne/dfyne-lab6/services/promotions/artisan(16): Illuminate\\Foundation\\Application->handleCommand(Object(Symfony\\Component\\Console\\Input\\ArgvInput))
#26 {main}

[previous exception] [object] (PDOException(code: 7): SQLSTATE[08006] [7] connection to server at \"127.0.0.1\", port 5432 failed: Connection refused
\tIs the server running on that host and accepting TCP/IP connections? at /home/dfyne/dfyne-lab6/services/promotions/vendor/laravel/framework/src/Illuminate/Database/Connectors/Connector.php:67)
[stacktrace]
#0 /home/dfyne/dfyne-lab6/services/promotions/vendor/laravel/framework/src/Illuminate/Database/Connectors/Connector.php(67): PDO::connect('pgsql:host=127....', 'root', Object(SensitiveParameterValue), Array)
#1 /home/dfyne/dfyne-lab6/services/promotions/vendor/laravel/framework/src/Illuminate/Database/Connectors/Connector.php(44): Illuminate\\Database\\Connectors\\Connector->createPdoConnection('pgsql:host=127....', 'root', Object(SensitiveParameterValue), Array)
#2 /home/dfyne/dfyne-lab6/services/promotions/vendor/laravel/framework/src/Illuminate/Database/Connectors/PostgresConnector.php(35): Illuminate\\Database\\Connectors\\Connector->createConnection('pgsql:host=127....', Array, Array)
#3 /home/dfyne/dfyne-lab6/services/promotions/vendor/laravel/framework/src/Illuminate/Database/Connectors/ConnectionFactory.php(220): Illuminate\\Database\\Connectors\\PostgresConnector->connect(Array)
#4 [internal function]: Illuminate\\Database\\Connectors\\ConnectionFactory->{closure:Illuminate\\Database\\Connectors\\ConnectionFactory::createPdoResolverWithHosts():213}()
#5 /home/dfyne/dfyne-lab6/services/promotions/vendor/laravel/framework/src/Illuminate/Database/Connection.php(1297): call_user_func(Object(Closure))
#6 /home/dfyne/dfyne-lab6/services/promotions/vendor/laravel/framework/src/Illuminate/Database/Connection.php(1335): Illuminate\\Database\\Connection->getPdo()
#7 /home/dfyne/dfyne-lab6/services/promotions/vendor/laravel/framework/src/Illuminate/Database/Connection.php(542): Illuminate\\Database\\Connection->getReadPdo()
#8 /home/dfyne/dfyne-lab6/services/promotions/vendor/laravel/framework/src/Illuminate/Database/Connection.php(435): Illuminate\\Database\\Connection->getPdoForSelect(true)
#9 /home/dfyne/dfyne-lab6/services/promotions/vendor/laravel/framework/src/Illuminate/Database/Connection.php(846): Illuminate\\Database\\Connection->{closure:Illuminate\\Database\\Connection::select():426}('select * from \"...', Array)
#10 /home/dfyne/dfyne-lab6/services/promotions/vendor/laravel/framework/src/Illuminate/Database/Connection.php(813): Illuminate\\Database\\Connection->runQueryCallback('select * from \"...', Array, Object(Closure))
#11 /home/dfyne/dfyne-lab6/services/promotions/vendor/laravel/framework/src/Illuminate/Database/Connection.php(426): Illuminate\\Database\\Connection->run('select * from \"...', Array, Object(Closure))
#12 /home/dfyne/dfyne-lab6/services/promotions/vendor/laravel/framework/src/Illuminate/Database/Query/Builder.php(3573): Illuminate\\Database\\Connection->select('select * from \"...', Array, true, Array)
#13 /home/dfyne/dfyne-lab6/services/promotions/vendor/laravel/framework/src/Illuminate/Database/Query/Builder.php(3557): Illuminate\\Database\\Query\\Builder->runSelect()
#14 /home/dfyne/dfyne-lab6/services/promotions/vendor/laravel/framework/src/Illuminate/Cache/DatabaseStore.php(142): Illuminate\\Database\\Query\\Builder->get()
#15 /home/dfyne/dfyne-lab6/services/promotions/vendor/laravel/framework/src/Illuminate/Cache/Repository.php(167): Illuminate\\Cache\\DatabaseStore->many(Array)
#16 /home/dfyne/dfyne-lab6/services/promotions/vendor/laravel/framework/src/Illuminate/Queue/QueueManager.php(298): Illuminate\\Cache\\Repository->many(Array)
#17 /home/dfyne/dfyne-lab6/services/promotions/vendor/laravel/framework/src/Illuminate/Queue/Worker.php(483): Illuminate\\Queue\\QueueManager->getPausedQueues('database', Array)
#18 /home/dfyne/dfyne-lab6/services/promotions/vendor/laravel/framework/src/Illuminate/Queue/Worker.php(444): Illuminate\\Queue\\Worker->getPausedQueues('database', Array)
#19 /home/dfyne/dfyne-lab6/services/promotions/vendor/laravel/framework/src/Illuminate/Queue/Worker.php(404): Illuminate\\Queue\\Worker->getNextJob(Object(Illuminate\\Queue\\DatabaseQueue), 'default')
#20 /home/dfyne/dfyne-lab6/services/promotions/vendor/laravel/framework/src/Illuminate/Queue/Console/WorkCommand.php(149): Illuminate\\Queue\\Worker->runNextJob('database', 'default', Object(Illuminate\\Queue\\WorkerOptions))
#21 /home/dfyne/dfyne-lab6/services/promotions/vendor/laravel/framework/src/Illuminate/Queue/Console/WorkCommand.php(132): Illuminate\\Queue\\Console\\WorkCommand->runWorker('database', 'default')
#22 /home/dfyne/dfyne-lab6/services/promotions/vendor/laravel/framework/src/Illuminate/Container/BoundMethod.php(36): Illuminate\\Queue\\Console\\WorkCommand->handle()
#23 /home/dfyne/dfyne-lab6/services/promotions/vendor/laravel/framework/src/Illuminate/Container/Util.php(43): Illuminate\\Container\\BoundMethod::{closure:Illuminate\\Container\\BoundMethod::call():35}()
#24 /home/dfyne/dfyne-lab6/services/promotions/vendor/laravel/framework/src/Illuminate/Container/BoundMethod.php(96): Illuminate\\Container\\Util::unwrapIfClosure(Object(Closure))
#25 /home/dfyne/dfyne-lab6/services/promotions/vendor/laravel/framework/src/Illuminate/Container/BoundMethod.php(35): Illuminate\\Container\\BoundMethod::callBoundMethod(Object(Illuminate\\Foundation\\Application), Array, Object(Closure))
#26 /home/dfyne/dfyne-lab6/services/promotions/vendor/laravel/framework/src/Illuminate/Container/Container.php(799): Illuminate\\Container\\BoundMethod::call(Object(Illuminate\\Foundation\\Application), Array, Array, NULL)
#27 /home/dfyne/dfyne-lab6/services/promotions/vendor/laravel/framework/src/Illuminate/Console/Command.php(280): Illuminate\\Container\\Container->call(Array)
#28 /home/dfyne/dfyne-lab6/services/promotions/vendor/symfony/console/Command/Command.php(284): Illuminate\\Console\\Command->execute(Object(Symfony\\Component\\Console\\Input\\ArgvInput), Object(Illuminate\\Console\\OutputStyle))
#29 /home/dfyne/dfyne-lab6/services/promotions/vendor/laravel/framework/src/Illuminate/Console/Command.php(249): Symfony\\Component\\Console\\Command\\Command->run(Object(Symfony\\Component\\Console\\Input\\ArgvInput), Object(Illuminate\\Console\\OutputStyle))
#30 /home/dfyne/dfyne-lab6/services/promotions/vendor/symfony/console/Application.php(1144): Illuminate\\Console\\Command->run(Object(Symfony\\Component\\Console\\Input\\ArgvInput), Object(Symfony\\Component\\Console\\Output\\ConsoleOutput))
#31 /home/dfyne/dfyne-lab6/services/promotions/vendor/symfony/console/Application.php(379): Symfony\\Component\\Console\\Application->doRunCommand(Object(Illuminate\\Queue\\Console\\WorkCommand), Object(Symfony\\Component\\Console\\Input\\ArgvInput), Object(Symfony\\Component\\Console\\Output\\ConsoleOutput))
#32 /home/dfyne/dfyne-lab6/services/promotions/vendor/symfony/console/Application.php(218): Symfony\\Component\\Console\\Application->doRun(Object(Symfony\\Component\\Console\\Input\\ArgvInput), Object(Symfony\\Component\\Console\\Output\\ConsoleOutput))
#33 /home/dfyne/dfyne-lab6/services/promotions/vendor/laravel/framework/src/Illuminate/Foundation/Console/Kernel.php(198): Symfony\\Component\\Console\\Application->run(Object(Symfony\\Component\\Console\\Input\\ArgvInput), Object(Symfony\\Component\\Console\\Output\\ConsoleOutput))
#34 /home/dfyne/dfyne-lab6/services/promotions/vendor/laravel/framework/src/Illuminate/Foundation/Application.php(1235): Illuminate\\Foundation\\Console\\Kernel->handle(Object(Symfony\\Component\\Console\\Input\\ArgvInput), Object(Symfony\\Component\\Console\\Output\\ConsoleOutput))
#35 /home/dfyne/dfyne-lab6/services/promotions/artisan(16): Illuminate\\Foundation\\Application->handleCommand(Object(Symfony\\Component\\Console\\Input\\ArgvInput))
#36 {main}
"} 
[2026-06-29 10:23:06] local.ERROR: SQLSTATE[08006] [7] connection to server at "127.0.0.1", port 5432 failed: Connection refused
	Is the server running on that host and accepting TCP/IP connections? (Connection: pgsql, Host: 127.0.0.1, Port: 5432, Database: promotions, SQL: select * from "cache" where "key" in (laravel-cache-illuminate:queue:paused:database:default)) {"exception":"[object] (Illuminate\\Database\\QueryException(code: 7): SQLSTATE[08006] [7] connection to server at \"127.0.0.1\", port 5432 failed: Connection refused
\tIs the server running on that host and accepting TCP/IP connections? (Connection: pgsql, Host: 127.0.0.1, Port: 5432, Database: promotions, SQL: select * from \"cache\" where \"key\" in (laravel-cache-illuminate:queue:paused:database:default)) at /home/dfyne/dfyne-lab6/services/promotions/vendor/laravel/framework/src/Illuminate/Database/Connection.php:857)
[stacktrace]
#0 /home/dfyne/dfyne-lab6/services/promotions/vendor/laravel/framework/src/Illuminate/Database/Connection.php(813): Illuminate\\Database\\Connection->runQueryCallback('select * from \"...', Array, Object(Closure))
#1 /home/dfyne/dfyne-lab6/services/promotions/vendor/laravel/framework/src/Illuminate/Database/Connection.php(426): Illuminate\\Database\\Connection->run('select * from \"...', Array, Object(Closure))
#2 /home/dfyne/dfyne-lab6/services/promotions/vendor/laravel/framework/src/Illuminate/Database/Query/Builder.php(3573): Illuminate\\Database\\Connection->select('select * from \"...', Array, true, Array)
#3 /home/dfyne/dfyne-lab6/services/promotions/vendor/laravel/framework/src/Illuminate/Database/Query/Builder.php(3557): Illuminate\\Database\\Query\\Builder->runSelect()
#4 /home/dfyne/dfyne-lab6/services/promotions/vendor/laravel/framework/src/Illuminate/Cache/DatabaseStore.php(142): Illuminate\\Database\\Query\\Builder->get()
#5 /home/dfyne/dfyne-lab6/services/promotions/vendor/laravel/framework/src/Illuminate/Cache/Repository.php(167): Illuminate\\Cache\\DatabaseStore->many(Array)
#6 /home/dfyne/dfyne-lab6/services/promotions/vendor/laravel/framework/src/Illuminate/Queue/QueueManager.php(298): Illuminate\\Cache\\Repository->many(Array)
#7 /home/dfyne/dfyne-lab6/services/promotions/vendor/laravel/framework/src/Illuminate/Queue/Worker.php(483): Illuminate\\Queue\\QueueManager->getPausedQueues('database', Array)
#8 /home/dfyne/dfyne-lab6/services/promotions/vendor/laravel/framework/src/Illuminate/Queue/Worker.php(444): Illuminate\\Queue\\Worker->getPausedQueues('database', Array)
#9 /home/dfyne/dfyne-lab6/services/promotions/vendor/laravel/framework/src/Illuminate/Queue/Worker.php(404): Illuminate\\Queue\\Worker->getNextJob(Object(Illuminate\\Queue\\DatabaseQueue), 'default')
#10 /home/dfyne/dfyne-lab6/services/promotions/vendor/laravel/framework/src/Illuminate/Queue/Console/WorkCommand.php(149): Illuminate\\Queue\\Worker->runNextJob('database', 'default', Object(Illuminate\\Queue\\WorkerOptions))
#11 /home/dfyne/dfyne-lab6/services/promotions/vendor/laravel/framework/src/Illuminate/Queue/Console/WorkCommand.php(132): Illuminate\\Queue\\Console\\WorkCommand->runWorker('database', 'default')
#12 /home/dfyne/dfyne-lab6/services/promotions/vendor/laravel/framework/src/Illuminate/Container/BoundMethod.php(36): Illuminate\\Queue\\Console\\WorkCommand->handle()
#13 /home/dfyne/dfyne-lab6/services/promotions/vendor/laravel/framework/src/Illuminate/Container/Util.php(43): Illuminate\\Container\\BoundMethod::{closure:Illuminate\\Container\\BoundMethod::call():35}()
#14 /home/dfyne/dfyne-lab6/services/promotions/vendor/laravel/framework/src/Illuminate/Container/BoundMethod.php(96): Illuminate\\Container\\Util::unwrapIfClosure(Object(Closure))
#15 /home/dfyne/dfyne-lab6/services/promotions/vendor/laravel/framework/src/Illuminate/Container/BoundMethod.php(35): Illuminate\\Container\\BoundMethod::callBoundMethod(Object(Illuminate\\Foundation\\Application), Array, Object(Closure))
#16 /home/dfyne/dfyne-lab6/services/promotions/vendor/laravel/framework/src/Illuminate/Container/Container.php(799): Illuminate\\Container\\BoundMethod::call(Object(Illuminate\\Foundation\\Application), Array, Array, NULL)
#17 /home/dfyne/dfyne-lab6/services/promotions/vendor/laravel/framework/src/Illuminate/Console/Command.php(280): Illuminate\\Container\\Container->call(Array)
#18 /home/dfyne/dfyne-lab6/services/promotions/vendor/symfony/console/Command/Command.php(284): Illuminate\\Console\\Command->execute(Object(Symfony\\Component\\Console\\Input\\ArgvInput), Object(Illuminate\\Console\\OutputStyle))
#19 /home/dfyne/dfyne-lab6/services/promotions/vendor/laravel/framework/src/Illuminate/Console/Command.php(249): Symfony\\Component\\Console\\Command\\Command->run(Object(Symfony\\Component\\Console\\Input\\ArgvInput), Object(Illuminate\\Console\\OutputStyle))
#20 /home/dfyne/dfyne-lab6/services/promotions/vendor/symfony/console/Application.php(1144): Illuminate\\Console\\Command->run(Object(Symfony\\Component\\Console\\Input\\ArgvInput), Object(Symfony\\Component\\Console\\Output\\ConsoleOutput))
#21 /home/dfyne/dfyne-lab6/services/promotions/vendor/symfony/console/Application.php(379): Symfony\\Component\\Console\\Application->doRunCommand(Object(Illuminate\\Queue\\Console\\WorkCommand), Object(Symfony\\Component\\Console\\Input\\ArgvInput), Object(Symfony\\Component\\Console\\Output\\ConsoleOutput))
#22 /home/dfyne/dfyne-lab6/services/promotions/vendor/symfony/console/Application.php(218): Symfony\\Component\\Console\\Application->doRun(Object(Symfony\\Component\\Console\\Input\\ArgvInput), Object(Symfony\\Component\\Console\\Output\\ConsoleOutput))
#23 /home/dfyne/dfyne-lab6/services/promotions/vendor/laravel/framework/src/Illuminate/Foundation/Console/Kernel.php(198): Symfony\\Component\\Console\\Application->run(Object(Symfony\\Component\\Console\\Input\\ArgvInput), Object(Symfony\\Component\\Console\\Output\\ConsoleOutput))
#24 /home/dfyne/dfyne-lab6/services/promotions/vendor/laravel/framework/src/Illuminate/Foundation/Application.php(1235): Illuminate\\Foundation\\Console\\Kernel->handle(Object(Symfony\\Component\\Console\\Input\\ArgvInput), Object(Symfony\\Component\\Console\\Output\\ConsoleOutput))
#25 /home/dfyne/dfyne-lab6/services/promotions/artisan(16): Illuminate\\Foundation\\Application->handleCommand(Object(Symfony\\Component\\Console\\Input\\ArgvInput))
#26 {main}

[previous exception] [object] (PDOException(code: 7): SQLSTATE[08006] [7] connection to server at \"127.0.0.1\", port 5432 failed: Connection refused
\tIs the server running on that host and accepting TCP/IP connections? at /home/dfyne/dfyne-lab6/services/promotions/vendor/laravel/framework/src/Illuminate/Database/Connectors/Connector.php:67)
[stacktrace]
#0 /home/dfyne/dfyne-lab6/services/promotions/vendor/laravel/framework/src/Illuminate/Database/Connectors/Connector.php(67): PDO::connect('pgsql:host=127....', 'root', Object(SensitiveParameterValue), Array)
#1 /home/dfyne/dfyne-lab6/services/promotions/vendor/laravel/framework/src/Illuminate/Database/Connectors/Connector.php(44): Illuminate\\Database\\Connectors\\Connector->createPdoConnection('pgsql:host=127....', 'root', Object(SensitiveParameterValue), Array)
#2 /home/dfyne/dfyne-lab6/services/promotions/vendor/laravel/framework/src/Illuminate/Database/Connectors/PostgresConnector.php(35): Illuminate\\Database\\Connectors\\Connector->createConnection('pgsql:host=127....', Array, Array)
#3 /home/dfyne/dfyne-lab6/services/promotions/vendor/laravel/framework/src/Illuminate/Database/Connectors/ConnectionFactory.php(220): Illuminate\\Database\\Connectors\\PostgresConnector->connect(Array)
#4 [internal function]: Illuminate\\Database\\Connectors\\ConnectionFactory->{closure:Illuminate\\Database\\Connectors\\ConnectionFactory::createPdoResolverWithHosts():213}()
#5 /home/dfyne/dfyne-lab6/services/promotions/vendor/laravel/framework/src/Illuminate/Database/Connection.php(1297): call_user_func(Object(Closure))
#6 /home/dfyne/dfyne-lab6/services/promotions/vendor/laravel/framework/src/Illuminate/Database/Connection.php(1335): Illuminate\\Database\\Connection->getPdo()
#7 /home/dfyne/dfyne-lab6/services/promotions/vendor/laravel/framework/src/Illuminate/Database/Connection.php(542): Illuminate\\Database\\Connection->getReadPdo()
#8 /home/dfyne/dfyne-lab6/services/promotions/vendor/laravel/framework/src/Illuminate/Database/Connection.php(435): Illuminate\\Database\\Connection->getPdoForSelect(true)
#9 /home/dfyne/dfyne-lab6/services/promotions/vendor/laravel/framework/src/Illuminate/Database/Connection.php(846): Illuminate\\Database\\Connection->{closure:Illuminate\\Database\\Connection::select():426}('select * from \"...', Array)
#10 /home/dfyne/dfyne-lab6/services/promotions/vendor/laravel/framework/src/Illuminate/Database/Connection.php(813): Illuminate\\Database\\Connection->runQueryCallback('select * from \"...', Array, Object(Closure))
#11 /home/dfyne/dfyne-lab6/services/promotions/vendor/laravel/framework/src/Illuminate/Database/Connection.php(426): Illuminate\\Database\\Connection->run('select * from \"...', Array, Object(Closure))
#12 /home/dfyne/dfyne-lab6/services/promotions/vendor/laravel/framework/src/Illuminate/Database/Query/Builder.php(3573): Illuminate\\Database\\Connection->select('select * from \"...', Array, true, Array)
#13 /home/dfyne/dfyne-lab6/services/promotions/vendor/laravel/framework/src/Illuminate/Database/Query/Builder.php(3557): Illuminate\\Database\\Query\\Builder->runSelect()
#14 /home/dfyne/dfyne-lab6/services/promotions/vendor/laravel/framework/src/Illuminate/Cache/DatabaseStore.php(142): Illuminate\\Database\\Query\\Builder->get()
#15 /home/dfyne/dfyne-lab6/services/promotions/vendor/laravel/framework/src/Illuminate/Cache/Repository.php(167): Illuminate\\Cache\\DatabaseStore->many(Array)
#16 /home/dfyne/dfyne-lab6/services/promotions/vendor/laravel/framework/src/Illuminate/Queue/QueueManager.php(298): Illuminate\\Cache\\Repository->many(Array)
#17 /home/dfyne/dfyne-lab6/services/promotions/vendor/laravel/framework/src/Illuminate/Queue/Worker.php(483): Illuminate\\Queue\\QueueManager->getPausedQueues('database', Array)
#18 /home/dfyne/dfyne-lab6/services/promotions/vendor/laravel/framework/src/Illuminate/Queue/Worker.php(444): Illuminate\\Queue\\Worker->getPausedQueues('database', Array)
#19 /home/dfyne/dfyne-lab6/services/promotions/vendor/laravel/framework/src/Illuminate/Queue/Worker.php(404): Illuminate\\Queue\\Worker->getNextJob(Object(Illuminate\\Queue\\DatabaseQueue), 'default')
#20 /home/dfyne/dfyne-lab6/services/promotions/vendor/laravel/framework/src/Illuminate/Queue/Console/WorkCommand.php(149): Illuminate\\Queue\\Worker->runNextJob('database', 'default', Object(Illuminate\\Queue\\WorkerOptions))
#21 /home/dfyne/dfyne-lab6/services/promotions/vendor/laravel/framework/src/Illuminate/Queue/Console/WorkCommand.php(132): Illuminate\\Queue\\Console\\WorkCommand->runWorker('database', 'default')
#22 /home/dfyne/dfyne-lab6/services/promotions/vendor/laravel/framework/src/Illuminate/Container/BoundMethod.php(36): Illuminate\\Queue\\Console\\WorkCommand->handle()
#23 /home/dfyne/dfyne-lab6/services/promotions/vendor/laravel/framework/src/Illuminate/Container/Util.php(43): Illuminate\\Container\\BoundMethod::{closure:Illuminate\\Container\\BoundMethod::call():35}()
#24 /home/dfyne/dfyne-lab6/services/promotions/vendor/laravel/framework/src/Illuminate/Container/BoundMethod.php(96): Illuminate\\Container\\Util::unwrapIfClosure(Object(Closure))
#25 /home/dfyne/dfyne-lab6/services/promotions/vendor/laravel/framework/src/Illuminate/Container/BoundMethod.php(35): Illuminate\\Container\\BoundMethod::callBoundMethod(Object(Illuminate\\Foundation\\Application), Array, Object(Closure))
#26 /home/dfyne/dfyne-lab6/services/promotions/vendor/laravel/framework/src/Illuminate/Container/Container.php(799): Illuminate\\Container\\BoundMethod::call(Object(Illuminate\\Foundation\\Application), Array, Array, NULL)
#27 /home/dfyne/dfyne-lab6/services/promotions/vendor/laravel/framework/src/Illuminate/Console/Command.php(280): Illuminate\\Container\\Container->call(Array)
#28 /home/dfyne/dfyne-lab6/services/promotions/vendor/symfony/console/Command/Command.php(284): Illuminate\\Console\\Command->execute(Object(Symfony\\Component\\Console\\Input\\ArgvInput), Object(Illuminate\\Console\\OutputStyle))
#29 /home/dfyne/dfyne-lab6/services/promotions/vendor/laravel/framework/src/Illuminate/Console/Command.php(249): Symfony\\Component\\Console\\Command\\Command->run(Object(Symfony\\Component\\Console\\Input\\ArgvInput), Object(Illuminate\\Console\\OutputStyle))
#30 /home/dfyne/dfyne-lab6/services/promotions/vendor/symfony/console/Application.php(1144): Illuminate\\Console\\Command->run(Object(Symfony\\Component\\Console\\Input\\ArgvInput), Object(Symfony\\Component\\Console\\Output\\ConsoleOutput))
#31 /home/dfyne/dfyne-lab6/services/promotions/vendor/symfony/console/Application.php(379): Symfony\\Component\\Console\\Application->doRunCommand(Object(Illuminate\\Queue\\Console\\WorkCommand), Object(Symfony\\Component\\Console\\Input\\ArgvInput), Object(Symfony\\Component\\Console\\Output\\ConsoleOutput))
#32 /home/dfyne/dfyne-lab6/services/promotions/vendor/symfony/console/Application.php(218): Symfony\\Component\\Console\\Application->doRun(Object(Symfony\\Component\\Console\\Input\\ArgvInput), Object(Symfony\\Component\\Console\\Output\\ConsoleOutput))
#33 /home/dfyne/dfyne-lab6/services/promotions/vendor/laravel/framework/src/Illuminate/Foundation/Console/Kernel.php(198): Symfony\\Component\\Console\\Application->run(Object(Symfony\\Component\\Console\\Input\\ArgvInput), Object(Symfony\\Component\\Console\\Output\\ConsoleOutput))
#34 /home/dfyne/dfyne-lab6/services/promotions/vendor/laravel/framework/src/Illuminate/Foundation/Application.php(1235): Illuminate\\Foundation\\Console\\Kernel->handle(Object(Symfony\\Component\\Console\\Input\\ArgvInput), Object(Symfony\\Component\\Console\\Output\\ConsoleOutput))
#35 /home/dfyne/dfyne-lab6/services/promotions/artisan(16): Illuminate\\Foundation\\Application->handleCommand(Object(Symfony\\Component\\Console\\Input\\ArgvInput))
#36 {main}
"} 
[2026-06-29 10:23:10] local.ERROR: SQLSTATE[08006] [7] connection to server at "127.0.0.1", port 5432 failed: Connection refused
	Is the server running on that host and accepting TCP/IP connections? (Connection: pgsql, Host: 127.0.0.1, Port: 5432, Database: promotions, SQL: select * from "cache" where "key" in (laravel-cache-illuminate:queue:paused:database:default)) {"exception":"[object] (Illuminate\\Database\\QueryException(code: 7): SQLSTATE[08006] [7] connection to server at \"127.0.0.1\", port 5432 failed: Connection refused
\tIs the server running on that host and accepting TCP/IP connections? (Connection: pgsql, Host: 127.0.0.1, Port: 5432, Database: promotions, SQL: select * from \"cache\" where \"key\" in (laravel-cache-illuminate:queue:paused:database:default)) at /home/dfyne/dfyne-lab6/services/promotions/vendor/laravel/framework/src/Illuminate/Database/Connection.php:857)
[stacktrace]
#0 /home/dfyne/dfyne-lab6/services/promotions/vendor/laravel/framework/src/Illuminate/Database/Connection.php(813): Illuminate\\Database\\Connection->runQueryCallback('select * from \"...', Array, Object(Closure))
#1 /home/dfyne/dfyne-lab6/services/promotions/vendor/laravel/framework/src/Illuminate/Database/Connection.php(426): Illuminate\\Database\\Connection->run('select * from \"...', Array, Object(Closure))
#2 /home/dfyne/dfyne-lab6/services/promotions/vendor/laravel/framework/src/Illuminate/Database/Query/Builder.php(3573): Illuminate\\Database\\Connection->select('select * from \"...', Array, true, Array)
#3 /home/dfyne/dfyne-lab6/services/promotions/vendor/laravel/framework/src/Illuminate/Database/Query/Builder.php(3557): Illuminate\\Database\\Query\\Builder->runSelect()
#4 /home/dfyne/dfyne-lab6/services/promotions/vendor/laravel/framework/src/Illuminate/Cache/DatabaseStore.php(142): Illuminate\\Database\\Query\\Builder->get()
#5 /home/dfyne/dfyne-lab6/services/promotions/vendor/laravel/framework/src/Illuminate/Cache/Repository.php(167): Illuminate\\Cache\\DatabaseStore->many(Array)
#6 /home/dfyne/dfyne-lab6/services/promotions/vendor/laravel/framework/src/Illuminate/Queue/QueueManager.php(298): Illuminate\\Cache\\Repository->many(Array)
#7 /home/dfyne/dfyne-lab6/services/promotions/vendor/laravel/framework/src/Illuminate/Queue/Worker.php(483): Illuminate\\Queue\\QueueManager->getPausedQueues('database', Array)
#8 /home/dfyne/dfyne-lab6/services/promotions/vendor/laravel/framework/src/Illuminate/Queue/Worker.php(444): Illuminate\\Queue\\Worker->getPausedQueues('database', Array)
#9 /home/dfyne/dfyne-lab6/services/promotions/vendor/laravel/framework/src/Illuminate/Queue/Worker.php(404): Illuminate\\Queue\\Worker->getNextJob(Object(Illuminate\\Queue\\DatabaseQueue), 'default')
#10 /home/dfyne/dfyne-lab6/services/promotions/vendor/laravel/framework/src/Illuminate/Queue/Console/WorkCommand.php(149): Illuminate\\Queue\\Worker->runNextJob('database', 'default', Object(Illuminate\\Queue\\WorkerOptions))
#11 /home/dfyne/dfyne-lab6/services/promotions/vendor/laravel/framework/src/Illuminate/Queue/Console/WorkCommand.php(132): Illuminate\\Queue\\Console\\WorkCommand->runWorker('database', 'default')
#12 /home/dfyne/dfyne-lab6/services/promotions/vendor/laravel/framework/src/Illuminate/Container/BoundMethod.php(36): Illuminate\\Queue\\Console\\WorkCommand->handle()
#13 /home/dfyne/dfyne-lab6/services/promotions/vendor/laravel/framework/src/Illuminate/Container/Util.php(43): Illuminate\\Container\\BoundMethod::{closure:Illuminate\\Container\\BoundMethod::call():35}()
#14 /home/dfyne/dfyne-lab6/services/promotions/vendor/laravel/framework/src/Illuminate/Container/BoundMethod.php(96): Illuminate\\Container\\Util::unwrapIfClosure(Object(Closure))
#15 /home/dfyne/dfyne-lab6/services/promotions/vendor/laravel/framework/src/Illuminate/Container/BoundMethod.php(35): Illuminate\\Container\\BoundMethod::callBoundMethod(Object(Illuminate\\Foundation\\Application), Array, Object(Closure))
#16 /home/dfyne/dfyne-lab6/services/promotions/vendor/laravel/framework/src/Illuminate/Container/Container.php(799): Illuminate\\Container\\BoundMethod::call(Object(Illuminate\\Foundation\\Application), Array, Array, NULL)
#17 /home/dfyne/dfyne-lab6/services/promotions/vendor/laravel/framework/src/Illuminate/Console/Command.php(280): Illuminate\\Container\\Container->call(Array)
#18 /home/dfyne/dfyne-lab6/services/promotions/vendor/symfony/console/Command/Command.php(284): Illuminate\\Console\\Command->execute(Object(Symfony\\Component\\Console\\Input\\ArgvInput), Object(Illuminate\\Console\\OutputStyle))
#19 /home/dfyne/dfyne-lab6/services/promotions/vendor/laravel/framework/src/Illuminate/Console/Command.php(249): Symfony\\Component\\Console\\Command\\Command->run(Object(Symfony\\Component\\Console\\Input\\ArgvInput), Object(Illuminate\\Console\\OutputStyle))
#20 /home/dfyne/dfyne-lab6/services/promotions/vendor/symfony/console/Application.php(1144): Illuminate\\Console\\Command->run(Object(Symfony\\Component\\Console\\Input\\ArgvInput), Object(Symfony\\Component\\Console\\Output\\ConsoleOutput))
#21 /home/dfyne/dfyne-lab6/services/promotions/vendor/symfony/console/Application.php(379): Symfony\\Component\\Console\\Application->doRunCommand(Object(Illuminate\\Queue\\Console\\WorkCommand), Object(Symfony\\Component\\Console\\Input\\ArgvInput), Object(Symfony\\Component\\Console\\Output\\ConsoleOutput))
#22 /home/dfyne/dfyne-lab6/services/promotions/vendor/symfony/console/Application.php(218): Symfony\\Component\\Console\\Application->doRun(Object(Symfony\\Component\\Console\\Input\\ArgvInput), Object(Symfony\\Component\\Console\\Output\\ConsoleOutput))
#23 /home/dfyne/dfyne-lab6/services/promotions/vendor/laravel/framework/src/Illuminate/Foundation/Console/Kernel.php(198): Symfony\\Component\\Console\\Application->run(Object(Symfony\\Component\\Console\\Input\\ArgvInput), Object(Symfony\\Component\\Console\\Output\\ConsoleOutput))
#24 /home/dfyne/dfyne-lab6/services/promotions/vendor/laravel/framework/src/Illuminate/Foundation/Application.php(1235): Illuminate\\Foundation\\Console\\Kernel->handle(Object(Symfony\\Component\\Console\\Input\\ArgvInput), Object(Symfony\\Component\\Console\\Output\\ConsoleOutput))
#25 /home/dfyne/dfyne-lab6/services/promotions/artisan(16): Illuminate\\Foundation\\Application->handleCommand(Object(Symfony\\Component\\Console\\Input\\ArgvInput))
#26 {main}

[previous exception] [object] (PDOException(code: 7): SQLSTATE[08006] [7] connection to server at \"127.0.0.1\", port 5432 failed: Connection refused
\tIs the server running on that host and accepting TCP/IP connections? at /home/dfyne/dfyne-lab6/services/promotions/vendor/laravel/framework/src/Illuminate/Database/Connectors/Connector.php:67)
[stacktrace]
#0 /home/dfyne/dfyne-lab6/services/promotions/vendor/laravel/framework/src/Illuminate/Database/Connectors/Connector.php(67): PDO::connect('pgsql:host=127....', 'root', Object(SensitiveParameterValue), Array)
#1 /home/dfyne/dfyne-lab6/services/promotions/vendor/laravel/framework/src/Illuminate/Database/Connectors/Connector.php(44): Illuminate\\Database\\Connectors\\Connector->createPdoConnection('pgsql:host=127....', 'root', Object(SensitiveParameterValue), Array)
#2 /home/dfyne/dfyne-lab6/services/promotions/vendor/laravel/framework/src/Illuminate/Database/Connectors/PostgresConnector.php(35): Illuminate\\Database\\Connectors\\Connector->createConnection('pgsql:host=127....', Array, Array)
#3 /home/dfyne/dfyne-lab6/services/promotions/vendor/laravel/framework/src/Illuminate/Database/Connectors/ConnectionFactory.php(220): Illuminate\\Database\\Connectors\\PostgresConnector->connect(Array)
#4 [internal function]: Illuminate\\Database\\Connectors\\ConnectionFactory->{closure:Illuminate\\Database\\Connectors\\ConnectionFactory::createPdoResolverWithHosts():213}()
#5 /home/dfyne/dfyne-lab6/services/promotions/vendor/laravel/framework/src/Illuminate/Database/Connection.php(1297): call_user_func(Object(Closure))
#6 /home/dfyne/dfyne-lab6/services/promotions/vendor/laravel/framework/src/Illuminate/Database/Connection.php(1335): Illuminate\\Database\\Connection->getPdo()
#7 /home/dfyne/dfyne-lab6/services/promotions/vendor/laravel/framework/src/Illuminate/Database/Connection.php(542): Illuminate\\Database\\Connection->getReadPdo()
#8 /home/dfyne/dfyne-lab6/services/promotions/vendor/laravel/framework/src/Illuminate/Database/Connection.php(435): Illuminate\\Database\\Connection->getPdoForSelect(true)
#9 /home/dfyne/dfyne-lab6/services/promotions/vendor/laravel/framework/src/Illuminate/Database/Connection.php(846): Illuminate\\Database\\Connection->{closure:Illuminate\\Database\\Connection::select():426}('select * from \"...', Array)
#10 /home/dfyne/dfyne-lab6/services/promotions/vendor/laravel/framework/src/Illuminate/Database/Connection.php(813): Illuminate\\Database\\Connection->runQueryCallback('select * from \"...', Array, Object(Closure))
#11 /home/dfyne/dfyne-lab6/services/promotions/vendor/laravel/framework/src/Illuminate/Database/Connection.php(426): Illuminate\\Database\\Connection->run('select * from \"...', Array, Object(Closure))
#12 /home/dfyne/dfyne-lab6/services/promotions/vendor/laravel/framework/src/Illuminate/Database/Query/Builder.php(3573): Illuminate\\Database\\Connection->select('select * from \"...', Array, true, Array)
#13 /home/dfyne/dfyne-lab6/services/promotions/vendor/laravel/framework/src/Illuminate/Database/Query/Builder.php(3557): Illuminate\\Database\\Query\\Builder->runSelect()
#14 /home/dfyne/dfyne-lab6/services/promotions/vendor/laravel/framework/src/Illuminate/Cache/DatabaseStore.php(142): Illuminate\\Database\\Query\\Builder->get()
#15 /home/dfyne/dfyne-lab6/services/promotions/vendor/laravel/framework/src/Illuminate/Cache/Repository.php(167): Illuminate\\Cache\\DatabaseStore->many(Array)
#16 /home/dfyne/dfyne-lab6/services/promotions/vendor/laravel/framework/src/Illuminate/Queue/QueueManager.php(298): Illuminate\\Cache\\Repository->many(Array)
#17 /home/dfyne/dfyne-lab6/services/promotions/vendor/laravel/framework/src/Illuminate/Queue/Worker.php(483): Illuminate\\Queue\\QueueManager->getPausedQueues('database', Array)
#18 /home/dfyne/dfyne-lab6/services/promotions/vendor/laravel/framework/src/Illuminate/Queue/Worker.php(444): Illuminate\\Queue\\Worker->getPausedQueues('database', Array)
#19 /home/dfyne/dfyne-lab6/services/promotions/vendor/laravel/framework/src/Illuminate/Queue/Worker.php(404): Illuminate\\Queue\\Worker->getNextJob(Object(Illuminate\\Queue\\DatabaseQueue), 'default')
#20 /home/dfyne/dfyne-lab6/services/promotions/vendor/laravel/framework/src/Illuminate/Queue/Console/WorkCommand.php(149): Illuminate\\Queue\\Worker->runNextJob('database', 'default', Object(Illuminate\\Queue\\WorkerOptions))
#21 /home/dfyne/dfyne-lab6/services/promotions/vendor/laravel/framework/src/Illuminate/Queue/Console/WorkCommand.php(132): Illuminate\\Queue\\Console\\WorkCommand->runWorker('database', 'default')
#22 /home/dfyne/dfyne-lab6/services/promotions/vendor/laravel/framework/src/Illuminate/Container/BoundMethod.php(36): Illuminate\\Queue\\Console\\WorkCommand->handle()
#23 /home/dfyne/dfyne-lab6/services/promotions/vendor/laravel/framework/src/Illuminate/Container/Util.php(43): Illuminate\\Container\\BoundMethod::{closure:Illuminate\\Container\\BoundMethod::call():35}()
#24 /home/dfyne/dfyne-lab6/services/promotions/vendor/laravel/framework/src/Illuminate/Container/BoundMethod.php(96): Illuminate\\Container\\Util::unwrapIfClosure(Object(Closure))
#25 /home/dfyne/dfyne-lab6/services/promotions/vendor/laravel/framework/src/Illuminate/Container/BoundMethod.php(35): Illuminate\\Container\\BoundMethod::callBoundMethod(Object(Illuminate\\Foundation\\Application), Array, Object(Closure))
#26 /home/dfyne/dfyne-lab6/services/promotions/vendor/laravel/framework/src/Illuminate/Container/Container.php(799): Illuminate\\Container\\BoundMethod::call(Object(Illuminate\\Foundation\\Application), Array, Array, NULL)
#27 /home/dfyne/dfyne-lab6/services/promotions/vendor/laravel/framework/src/Illuminate/Console/Command.php(280): Illuminate\\Container\\Container->call(Array)
#28 /home/dfyne/dfyne-lab6/services/promotions/vendor/symfony/console/Command/Command.php(284): Illuminate\\Console\\Command->execute(Object(Symfony\\Component\\Console\\Input\\ArgvInput), Object(Illuminate\\Console\\OutputStyle))
#29 /home/dfyne/dfyne-lab6/services/promotions/vendor/laravel/framework/src/Illuminate/Console/Command.php(249): Symfony\\Component\\Console\\Command\\Command->run(Object(Symfony\\Component\\Console\\Input\\ArgvInput), Object(Illuminate\\Console\\OutputStyle))
#30 /home/dfyne/dfyne-lab6/services/promotions/vendor/symfony/console/Application.php(1144): Illuminate\\Console\\Command->run(Object(Symfony\\Component\\Console\\Input\\ArgvInput), Object(Symfony\\Component\\Console\\Output\\ConsoleOutput))
#31 /home/dfyne/dfyne-lab6/services/promotions/vendor/symfony/console/Application.php(379): Symfony\\Component\\Console\\Application->doRunCommand(Object(Illuminate\\Queue\\Console\\WorkCommand), Object(Symfony\\Component\\Console\\Input\\ArgvInput), Object(Symfony\\Component\\Console\\Output\\ConsoleOutput))
#32 /home/dfyne/dfyne-lab6/services/promotions/vendor/symfony/console/Application.php(218): Symfony\\Component\\Console\\Application->doRun(Object(Symfony\\Component\\Console\\Input\\ArgvInput), Object(Symfony\\Component\\Console\\Output\\ConsoleOutput))
#33 /home/dfyne/dfyne-lab6/services/promotions/vendor/laravel/framework/src/Illuminate/Foundation/Console/Kernel.php(198): Symfony\\Component\\Console\\Application->run(Object(Symfony\\Component\\Console\\Input\\ArgvInput), Object(Symfony\\Component\\Console\\Output\\ConsoleOutput))
#34 /home/dfyne/dfyne-lab6/services/promotions/vendor/laravel/framework/src/Illuminate/Foundation/Application.php(1235): Illuminate\\Foundation\\Console\\Kernel->handle(Object(Symfony\\Component\\Console\\Input\\ArgvInput), Object(Symfony\\Component\\Console\\Output\\ConsoleOutput))
#35 /home/dfyne/dfyne-lab6/services/promotions/artisan(16): Illuminate\\Foundation\\Application->handleCommand(Object(Symfony\\Component\\Console\\Input\\ArgvInput))
#36 {main}
"} 
[2026-06-29 11:10:17] local.ERROR: Class "Database\Seeders\PromotionCode" not found {"exception":"[object] (Error(code: 0): Class \"Database\\Seeders\\PromotionCode\" not found at /home/dfyne/dfyne-lab6/services/promotions/database/seeders/PromotionCodeSeeder.php:15)
[stacktrace]
#0 /home/dfyne/dfyne-lab6/services/promotions/vendor/laravel/framework/src/Illuminate/Container/BoundMethod.php(36): Database\\Seeders\\PromotionCodeSeeder->run()
#1 /home/dfyne/dfyne-lab6/services/promotions/vendor/laravel/framework/src/Illuminate/Container/Util.php(43): Illuminate\\Container\\BoundMethod::{closure:Illuminate\\Container\\BoundMethod::call():35}()
#2 /home/dfyne/dfyne-lab6/services/promotions/vendor/laravel/framework/src/Illuminate/Container/BoundMethod.php(96): Illuminate\\Container\\Util::unwrapIfClosure(Object(Closure))
#3 /home/dfyne/dfyne-lab6/services/promotions/vendor/laravel/framework/src/Illuminate/Container/BoundMethod.php(35): Illuminate\\Container\\BoundMethod::callBoundMethod(Object(Illuminate\\Foundation\\Application), Array, Object(Closure))
#4 /home/dfyne/dfyne-lab6/services/promotions/vendor/laravel/framework/src/Illuminate/Container/Container.php(799): Illuminate\\Container\\BoundMethod::call(Object(Illuminate\\Foundation\\Application), Array, Array, NULL)
#5 /home/dfyne/dfyne-lab6/services/promotions/vendor/laravel/framework/src/Illuminate/Database/Seeder.php(184): Illuminate\\Container\\Container->call(Array, Array)
#6 /home/dfyne/dfyne-lab6/services/promotions/vendor/laravel/framework/src/Illuminate/Database/Seeder.php(191): Illuminate\\Database\\Seeder->{closure:Illuminate\\Database\\Seeder::__invoke():183}()
#7 /home/dfyne/dfyne-lab6/services/promotions/vendor/laravel/framework/src/Illuminate/Database/Seeder.php(59): Illuminate\\Database\\Seeder->__invoke(Array)
#8 /home/dfyne/dfyne-lab6/services/promotions/database/seeders/DatabaseSeeder.php(25): Illuminate\\Database\\Seeder->call('Database\\\\Seeder...')
#9 /home/dfyne/dfyne-lab6/services/promotions/vendor/laravel/framework/src/Illuminate/Container/BoundMethod.php(36): Database\\Seeders\\DatabaseSeeder->run()
#10 /home/dfyne/dfyne-lab6/services/promotions/vendor/laravel/framework/src/Illuminate/Container/Util.php(43): Illuminate\\Container\\BoundMethod::{closure:Illuminate\\Container\\BoundMethod::call():35}()
#11 /home/dfyne/dfyne-lab6/services/promotions/vendor/laravel/framework/src/Illuminate/Container/BoundMethod.php(96): Illuminate\\Container\\Util::unwrapIfClosure(Object(Closure))
#12 /home/dfyne/dfyne-lab6/services/promotions/vendor/laravel/framework/src/Illuminate/Container/BoundMethod.php(35): Illuminate\\Container\\BoundMethod::callBoundMethod(Object(Illuminate\\Foundation\\Application), Array, Object(Closure))
#13 /home/dfyne/dfyne-lab6/services/promotions/vendor/laravel/framework/src/Illuminate/Container/Container.php(799): Illuminate\\Container\\BoundMethod::call(Object(Illuminate\\Foundation\\Application), Array, Array, NULL)
#14 /home/dfyne/dfyne-lab6/services/promotions/vendor/laravel/framework/src/Illuminate/Database/Seeder.php(184): Illuminate\\Container\\Container->call(Array, Array)
#15 /home/dfyne/dfyne-lab6/services/promotions/vendor/laravel/framework/src/Illuminate/Database/Eloquent/Concerns/HasEvents.php(456): Illuminate\\Database\\Seeder->{closure:Illuminate\\Database\\Seeder::__invoke():183}()
#16 /home/dfyne/dfyne-lab6/services/promotions/vendor/laravel/framework/src/Illuminate/Database/Console/Seeds/WithoutModelEvents.php(17): Illuminate\\Database\\Eloquent\\Model::withoutEvents(Object(Closure))
#17 /home/dfyne/dfyne-lab6/services/promotions/vendor/laravel/framework/src/Illuminate/Database/Seeder.php(191): Database\\Seeders\\DatabaseSeeder->{closure:Illuminate\\Database\\Console\\Seeds\\WithoutModelEvents::withoutModelEvents():17}()
#18 /home/dfyne/dfyne-lab6/services/promotions/vendor/laravel/framework/src/Illuminate/Database/Console/Seeds/SeedCommand.php(71): Illuminate\\Database\\Seeder->__invoke()
#19 /home/dfyne/dfyne-lab6/services/promotions/vendor/laravel/framework/src/Illuminate/Database/Eloquent/Concerns/GuardsAttributes.php(185): Illuminate\\Database\\Console\\Seeds\\SeedCommand->{closure:Illuminate\\Database\\Console\\Seeds\\SeedCommand::handle():70}()
#20 /home/dfyne/dfyne-lab6/services/promotions/vendor/laravel/framework/src/Illuminate/Database/Console/Seeds/SeedCommand.php(70): Illuminate\\Database\\Eloquent\\Model::unguarded(Object(Closure))
#21 /home/dfyne/dfyne-lab6/services/promotions/vendor/laravel/framework/src/Illuminate/Container/BoundMethod.php(36): Illuminate\\Database\\Console\\Seeds\\SeedCommand->handle()
#22 /home/dfyne/dfyne-lab6/services/promotions/vendor/laravel/framework/src/Illuminate/Container/Util.php(43): Illuminate\\Container\\BoundMethod::{closure:Illuminate\\Container\\BoundMethod::call():35}()
#23 /home/dfyne/dfyne-lab6/services/promotions/vendor/laravel/framework/src/Illuminate/Container/BoundMethod.php(96): Illuminate\\Container\\Util::unwrapIfClosure(Object(Closure))
#24 /home/dfyne/dfyne-lab6/services/promotions/vendor/laravel/framework/src/Illuminate/Container/BoundMethod.php(35): Illuminate\\Container\\BoundMethod::callBoundMethod(Object(Illuminate\\Foundation\\Application), Array, Object(Closure))
#25 /home/dfyne/dfyne-lab6/services/promotions/vendor/laravel/framework/src/Illuminate/Container/Container.php(799): Illuminate\\Container\\BoundMethod::call(Object(Illuminate\\Foundation\\Application), Array, Array, NULL)
#26 /home/dfyne/dfyne-lab6/services/promotions/vendor/laravel/framework/src/Illuminate/Console/Command.php(280): Illuminate\\Container\\Container->call(Array)
#27 /home/dfyne/dfyne-lab6/services/promotions/vendor/symfony/console/Command/Command.php(284): Illuminate\\Console\\Command->execute(Object(Symfony\\Component\\Console\\Input\\ArrayInput), Object(Illuminate\\Console\\OutputStyle))
#28 /home/dfyne/dfyne-lab6/services/promotions/vendor/laravel/framework/src/Illuminate/Console/Command.php(249): Symfony\\Component\\Console\\Command\\Command->run(Object(Symfony\\Component\\Console\\Input\\ArrayInput), Object(Illuminate\\Console\\OutputStyle))
#29 /home/dfyne/dfyne-lab6/services/promotions/vendor/laravel/framework/src/Illuminate/Console/Concerns/CallsCommands.php(68): Illuminate\\Console\\Command->run(Object(Symfony\\Component\\Console\\Input\\ArrayInput), Object(Illuminate\\Console\\OutputStyle))
#30 /home/dfyne/dfyne-lab6/services/promotions/vendor/laravel/framework/src/Illuminate/Console/Concerns/CallsCommands.php(29): Illuminate\\Console\\Command->runCommand('db:seed', Array, Object(Illuminate\\Console\\OutputStyle))
#31 /home/dfyne/dfyne-lab6/services/promotions/vendor/laravel/framework/src/Illuminate/Database/Console/Migrations/FreshCommand.php(128): Illuminate\\Console\\Command->call('db:seed', Array)
#32 /home/dfyne/dfyne-lab6/services/promotions/vendor/laravel/framework/src/Illuminate/Database/Console/Migrations/FreshCommand.php(104): Illuminate\\Database\\Console\\Migrations\\FreshCommand->runSeeder(NULL)
#33 /home/dfyne/dfyne-lab6/services/promotions/vendor/laravel/framework/src/Illuminate/Container/BoundMethod.php(36): Illuminate\\Database\\Console\\Migrations\\FreshCommand->handle()
#34 /home/dfyne/dfyne-lab6/services/promotions/vendor/laravel/framework/src/Illuminate/Container/Util.php(43): Illuminate\\Container\\BoundMethod::{closure:Illuminate\\Container\\BoundMethod::call():35}()
#35 /home/dfyne/dfyne-lab6/services/promotions/vendor/laravel/framework/src/Illuminate/Container/BoundMethod.php(96): Illuminate\\Container\\Util::unwrapIfClosure(Object(Closure))
#36 /home/dfyne/dfyne-lab6/services/promotions/vendor/laravel/framework/src/Illuminate/Container/BoundMethod.php(35): Illuminate\\Container\\BoundMethod::callBoundMethod(Object(Illuminate\\Foundation\\Application), Array, Object(Closure))
#37 /home/dfyne/dfyne-lab6/services/promotions/vendor/laravel/framework/src/Illuminate/Container/Container.php(799): Illuminate\\Container\\BoundMethod::call(Object(Illuminate\\Foundation\\Application), Array, Array, NULL)
#38 /home/dfyne/dfyne-lab6/services/promotions/vendor/laravel/framework/src/Illuminate/Console/Command.php(280): Illuminate\\Container\\Container->call(Array)
#39 /home/dfyne/dfyne-lab6/services/promotions/vendor/symfony/console/Command/Command.php(284): Illuminate\\Console\\Command->execute(Object(Symfony\\Component\\Console\\Input\\ArgvInput), Object(Illuminate\\Console\\OutputStyle))
#40 /home/dfyne/dfyne-lab6/services/promotions/vendor/laravel/framework/src/Illuminate/Console/Command.php(249): Symfony\\Component\\Console\\Command\\Command->run(Object(Symfony\\Component\\Console\\Input\\ArgvInput), Object(Illuminate\\Console\\OutputStyle))
#41 /home/dfyne/dfyne-lab6/services/promotions/vendor/symfony/console/Application.php(1144): Illuminate\\Console\\Command->run(Object(Symfony\\Component\\Console\\Input\\ArgvInput), Object(Symfony\\Component\\Console\\Output\\ConsoleOutput))
#42 /home/dfyne/dfyne-lab6/services/promotions/vendor/symfony/console/Application.php(379): Symfony\\Component\\Console\\Application->doRunCommand(Object(Illuminate\\Database\\Console\\Migrations\\FreshCommand), Object(Symfony\\Component\\Console\\Input\\ArgvInput), Object(Symfony\\Component\\Console\\Output\\ConsoleOutput))
#43 /home/dfyne/dfyne-lab6/services/promotions/vendor/symfony/console/Application.php(218): Symfony\\Component\\Console\\Application->doRun(Object(Symfony\\Component\\Console\\Input\\ArgvInput), Object(Symfony\\Component\\Console\\Output\\ConsoleOutput))
#44 /home/dfyne/dfyne-lab6/services/promotions/vendor/laravel/framework/src/Illuminate/Foundation/Console/Kernel.php(198): Symfony\\Component\\Console\\Application->run(Object(Symfony\\Component\\Console\\Input\\ArgvInput), Object(Symfony\\Component\\Console\\Output\\ConsoleOutput))
#45 /home/dfyne/dfyne-lab6/services/promotions/vendor/laravel/framework/src/Illuminate/Foundation/Application.php(1235): Illuminate\\Foundation\\Console\\Kernel->handle(Object(Symfony\\Component\\Console\\Input\\ArgvInput), Object(Symfony\\Component\\Console\\Output\\ConsoleOutput))
#46 /home/dfyne/dfyne-lab6/services/promotions/artisan(16): Illuminate\\Foundation\\Application->handleCommand(Object(Symfony\\Component\\Console\\Input\\ArgvInput))
#47 {main}
"} 
[2026-06-29 11:12:40] local.ERROR: syntax error, unexpected token ":", expecting "{" {"exception":"[object] (ParseError(code: 0): syntax error, unexpected token \":\", expecting \"{\" at /home/dfyne/dfyne-lab6/services/promotions/app/Models/PromotionCode.php:16)
[stacktrace]
#0 /home/dfyne/dfyne-lab6/services/promotions/vendor/composer/ClassLoader.php(427): {closure:Composer\\Autoload\\ClassLoader::initializeIncludeClosure():575}('/home/dfyne/dfy...')
#1 /home/dfyne/dfyne-lab6/services/promotions/database/seeders/PromotionCodeSeeder.php(16): Composer\\Autoload\\ClassLoader->loadClass('App\\\\Models\\\\Prom...')
#2 /home/dfyne/dfyne-lab6/services/promotions/vendor/laravel/framework/src/Illuminate/Container/BoundMethod.php(36): Database\\Seeders\\PromotionCodeSeeder->run()
#3 /home/dfyne/dfyne-lab6/services/promotions/vendor/laravel/framework/src/Illuminate/Container/Util.php(43): Illuminate\\Container\\BoundMethod::{closure:Illuminate\\Container\\BoundMethod::call():35}()
#4 /home/dfyne/dfyne-lab6/services/promotions/vendor/laravel/framework/src/Illuminate/Container/BoundMethod.php(96): Illuminate\\Container\\Util::unwrapIfClosure(Object(Closure))
#5 /home/dfyne/dfyne-lab6/services/promotions/vendor/laravel/framework/src/Illuminate/Container/BoundMethod.php(35): Illuminate\\Container\\BoundMethod::callBoundMethod(Object(Illuminate\\Foundation\\Application), Array, Object(Closure))
#6 /home/dfyne/dfyne-lab6/services/promotions/vendor/laravel/framework/src/Illuminate/Container/Container.php(799): Illuminate\\Container\\BoundMethod::call(Object(Illuminate\\Foundation\\Application), Array, Array, NULL)
#7 /home/dfyne/dfyne-lab6/services/promotions/vendor/laravel/framework/src/Illuminate/Database/Seeder.php(184): Illuminate\\Container\\Container->call(Array, Array)
#8 /home/dfyne/dfyne-lab6/services/promotions/vendor/laravel/framework/src/Illuminate/Database/Seeder.php(191): Illuminate\\Database\\Seeder->{closure:Illuminate\\Database\\Seeder::__invoke():183}()
#9 /home/dfyne/dfyne-lab6/services/promotions/vendor/laravel/framework/src/Illuminate/Database/Seeder.php(59): Illuminate\\Database\\Seeder->__invoke(Array)
#10 /home/dfyne/dfyne-lab6/services/promotions/database/seeders/DatabaseSeeder.php(25): Illuminate\\Database\\Seeder->call('Database\\\\Seeder...')
#11 /home/dfyne/dfyne-lab6/services/promotions/vendor/laravel/framework/src/Illuminate/Container/BoundMethod.php(36): Database\\Seeders\\DatabaseSeeder->run()
#12 /home/dfyne/dfyne-lab6/services/promotions/vendor/laravel/framework/src/Illuminate/Container/Util.php(43): Illuminate\\Container\\BoundMethod::{closure:Illuminate\\Container\\BoundMethod::call():35}()
#13 /home/dfyne/dfyne-lab6/services/promotions/vendor/laravel/framework/src/Illuminate/Container/BoundMethod.php(96): Illuminate\\Container\\Util::unwrapIfClosure(Object(Closure))
#14 /home/dfyne/dfyne-lab6/services/promotions/vendor/laravel/framework/src/Illuminate/Container/BoundMethod.php(35): Illuminate\\Container\\BoundMethod::callBoundMethod(Object(Illuminate\\Foundation\\Application), Array, Object(Closure))
#15 /home/dfyne/dfyne-lab6/services/promotions/vendor/laravel/framework/src/Illuminate/Container/Container.php(799): Illuminate\\Container\\BoundMethod::call(Object(Illuminate\\Foundation\\Application), Array, Array, NULL)
#16 /home/dfyne/dfyne-lab6/services/promotions/vendor/laravel/framework/src/Illuminate/Database/Seeder.php(184): Illuminate\\Container\\Container->call(Array, Array)
#17 /home/dfyne/dfyne-lab6/services/promotions/vendor/laravel/framework/src/Illuminate/Database/Eloquent/Concerns/HasEvents.php(456): Illuminate\\Database\\Seeder->{closure:Illuminate\\Database\\Seeder::__invoke():183}()
#18 /home/dfyne/dfyne-lab6/services/promotions/vendor/laravel/framework/src/Illuminate/Database/Console/Seeds/WithoutModelEvents.php(17): Illuminate\\Database\\Eloquent\\Model::withoutEvents(Object(Closure))
#19 /home/dfyne/dfyne-lab6/services/promotions/vendor/laravel/framework/src/Illuminate/Database/Seeder.php(191): Database\\Seeders\\DatabaseSeeder->{closure:Illuminate\\Database\\Console\\Seeds\\WithoutModelEvents::withoutModelEvents():17}()
#20 /home/dfyne/dfyne-lab6/services/promotions/vendor/laravel/framework/src/Illuminate/Database/Console/Seeds/SeedCommand.php(71): Illuminate\\Database\\Seeder->__invoke()
#21 /home/dfyne/dfyne-lab6/services/promotions/vendor/laravel/framework/src/Illuminate/Database/Eloquent/Concerns/GuardsAttributes.php(185): Illuminate\\Database\\Console\\Seeds\\SeedCommand->{closure:Illuminate\\Database\\Console\\Seeds\\SeedCommand::handle():70}()
#22 /home/dfyne/dfyne-lab6/services/promotions/vendor/laravel/framework/src/Illuminate/Database/Console/Seeds/SeedCommand.php(70): Illuminate\\Database\\Eloquent\\Model::unguarded(Object(Closure))
#23 /home/dfyne/dfyne-lab6/services/promotions/vendor/laravel/framework/src/Illuminate/Container/BoundMethod.php(36): Illuminate\\Database\\Console\\Seeds\\SeedCommand->handle()
#24 /home/dfyne/dfyne-lab6/services/promotions/vendor/laravel/framework/src/Illuminate/Container/Util.php(43): Illuminate\\Container\\BoundMethod::{closure:Illuminate\\Container\\BoundMethod::call():35}()
#25 /home/dfyne/dfyne-lab6/services/promotions/vendor/laravel/framework/src/Illuminate/Container/BoundMethod.php(96): Illuminate\\Container\\Util::unwrapIfClosure(Object(Closure))
#26 /home/dfyne/dfyne-lab6/services/promotions/vendor/laravel/framework/src/Illuminate/Container/BoundMethod.php(35): Illuminate\\Container\\BoundMethod::callBoundMethod(Object(Illuminate\\Foundation\\Application), Array, Object(Closure))
#27 /home/dfyne/dfyne-lab6/services/promotions/vendor/laravel/framework/src/Illuminate/Container/Container.php(799): Illuminate\\Container\\BoundMethod::call(Object(Illuminate\\Foundation\\Application), Array, Array, NULL)
#28 /home/dfyne/dfyne-lab6/services/promotions/vendor/laravel/framework/src/Illuminate/Console/Command.php(280): Illuminate\\Container\\Container->call(Array)
#29 /home/dfyne/dfyne-lab6/services/promotions/vendor/symfony/console/Command/Command.php(284): Illuminate\\Console\\Command->execute(Object(Symfony\\Component\\Console\\Input\\ArrayInput), Object(Illuminate\\Console\\OutputStyle))
#30 /home/dfyne/dfyne-lab6/services/promotions/vendor/laravel/framework/src/Illuminate/Console/Command.php(249): Symfony\\Component\\Console\\Command\\Command->run(Object(Symfony\\Component\\Console\\Input\\ArrayInput), Object(Illuminate\\Console\\OutputStyle))
#31 /home/dfyne/dfyne-lab6/services/promotions/vendor/laravel/framework/src/Illuminate/Console/Concerns/CallsCommands.php(68): Illuminate\\Console\\Command->run(Object(Symfony\\Component\\Console\\Input\\ArrayInput), Object(Illuminate\\Console\\OutputStyle))
#32 /home/dfyne/dfyne-lab6/services/promotions/vendor/laravel/framework/src/Illuminate/Console/Concerns/CallsCommands.php(29): Illuminate\\Console\\Command->runCommand('db:seed', Array, Object(Illuminate\\Console\\OutputStyle))
#33 /home/dfyne/dfyne-lab6/services/promotions/vendor/laravel/framework/src/Illuminate/Database/Console/Migrations/FreshCommand.php(128): Illuminate\\Console\\Command->call('db:seed', Array)
#34 /home/dfyne/dfyne-lab6/services/promotions/vendor/laravel/framework/src/Illuminate/Database/Console/Migrations/FreshCommand.php(104): Illuminate\\Database\\Console\\Migrations\\FreshCommand->runSeeder(NULL)
#35 /home/dfyne/dfyne-lab6/services/promotions/vendor/laravel/framework/src/Illuminate/Container/BoundMethod.php(36): Illuminate\\Database\\Console\\Migrations\\FreshCommand->handle()
#36 /home/dfyne/dfyne-lab6/services/promotions/vendor/laravel/framework/src/Illuminate/Container/Util.php(43): Illuminate\\Container\\BoundMethod::{closure:Illuminate\\Container\\BoundMethod::call():35}()
#37 /home/dfyne/dfyne-lab6/services/promotions/vendor/laravel/framework/src/Illuminate/Container/BoundMethod.php(96): Illuminate\\Container\\Util::unwrapIfClosure(Object(Closure))
#38 /home/dfyne/dfyne-lab6/services/promotions/vendor/laravel/framework/src/Illuminate/Container/BoundMethod.php(35): Illuminate\\Container\\BoundMethod::callBoundMethod(Object(Illuminate\\Foundation\\Application), Array, Object(Closure))
#39 /home/dfyne/dfyne-lab6/services/promotions/vendor/laravel/framework/src/Illuminate/Container/Container.php(799): Illuminate\\Container\\BoundMethod::call(Object(Illuminate\\Foundation\\Application), Array, Array, NULL)
#40 /home/dfyne/dfyne-lab6/services/promotions/vendor/laravel/framework/src/Illuminate/Console/Command.php(280): Illuminate\\Container\\Container->call(Array)
#41 /home/dfyne/dfyne-lab6/services/promotions/vendor/symfony/console/Command/Command.php(284): Illuminate\\Console\\Command->execute(Object(Symfony\\Component\\Console\\Input\\ArgvInput), Object(Illuminate\\Console\\OutputStyle))
#42 /home/dfyne/dfyne-lab6/services/promotions/vendor/laravel/framework/src/Illuminate/Console/Command.php(249): Symfony\\Component\\Console\\Command\\Command->run(Object(Symfony\\Component\\Console\\Input\\ArgvInput), Object(Illuminate\\Console\\OutputStyle))
#43 /home/dfyne/dfyne-lab6/services/promotions/vendor/symfony/console/Application.php(1144): Illuminate\\Console\\Command->run(Object(Symfony\\Component\\Console\\Input\\ArgvInput), Object(Symfony\\Component\\Console\\Output\\ConsoleOutput))
#44 /home/dfyne/dfyne-lab6/services/promotions/vendor/symfony/console/Application.php(379): Symfony\\Component\\Console\\Application->doRunCommand(Object(Illuminate\\Database\\Console\\Migrations\\FreshCommand), Object(Symfony\\Component\\Console\\Input\\ArgvInput), Object(Symfony\\Component\\Console\\Output\\ConsoleOutput))
#45 /home/dfyne/dfyne-lab6/services/promotions/vendor/symfony/console/Application.php(218): Symfony\\Component\\Console\\Application->doRun(Object(Symfony\\Component\\Console\\Input\\ArgvInput), Object(Symfony\\Component\\Console\\Output\\ConsoleOutput))
#46 /home/dfyne/dfyne-lab6/services/promotions/vendor/laravel/framework/src/Illuminate/Foundation/Console/Kernel.php(198): Symfony\\Component\\Console\\Application->run(Object(Symfony\\Component\\Console\\Input\\ArgvInput), Object(Symfony\\Component\\Console\\Output\\ConsoleOutput))
#47 /home/dfyne/dfyne-lab6/services/promotions/vendor/laravel/framework/src/Illuminate/Foundation/Application.php(1235): Illuminate\\Foundation\\Console\\Kernel->handle(Object(Symfony\\Component\\Console\\Input\\ArgvInput), Object(Symfony\\Component\\Console\\Output\\ConsoleOutput))
#48 /home/dfyne/dfyne-lab6/services/promotions/artisan(16): Illuminate\\Foundation\\Application->handleCommand(Object(Symfony\\Component\\Console\\Input\\ArgvInput))
#49 {main}
"} 
[2026-06-29 11:13:28] local.ERROR: SQLSTATE[42P01]: Undefined table: 7 ERROR:  relation "promotion_codes" does not exist
LINE 1: select * from "promotion_codes" where ("code" = $1) limit 1
                      ^ (Connection: pgsql, Host: 127.0.0.1, Port: 5432, Database: laravel_test, SQL: select * from "promotion_codes" where ("code" = WELCOME10) limit 1) {"exception":"[object] (Illuminate\\Database\\QueryException(code: 42P01): SQLSTATE[42P01]: Undefined table: 7 ERROR:  relation \"promotion_codes\" does not exist
LINE 1: select * from \"promotion_codes\" where (\"code\" = $1) limit 1
                      ^ (Connection: pgsql, Host: 127.0.0.1, Port: 5432, Database: laravel_test, SQL: select * from \"promotion_codes\" where (\"code\" = WELCOME10) limit 1) at /home/dfyne/dfyne-lab6/services/promotions/vendor/laravel/framework/src/Illuminate/Database/Connection.php:857)
[stacktrace]
#0 /home/dfyne/dfyne-lab6/services/promotions/vendor/laravel/framework/src/Illuminate/Database/Connection.php(813): Illuminate\\Database\\Connection->runQueryCallback('select * from \"...', Array, Object(Closure))
#1 /home/dfyne/dfyne-lab6/services/promotions/vendor/laravel/framework/src/Illuminate/Database/Connection.php(426): Illuminate\\Database\\Connection->run('select * from \"...', Array, Object(Closure))
#2 /home/dfyne/dfyne-lab6/services/promotions/vendor/laravel/framework/src/Illuminate/Database/Query/Builder.php(3573): Illuminate\\Database\\Connection->select('select * from \"...', Array, true, Array)
#3 /home/dfyne/dfyne-lab6/services/promotions/vendor/laravel/framework/src/Illuminate/Database/Query/Builder.php(3557): Illuminate\\Database\\Query\\Builder->runSelect()
#4 /home/dfyne/dfyne-lab6/services/promotions/vendor/laravel/framework/src/Illuminate/Database/Eloquent/Builder.php(908): Illuminate\\Database\\Query\\Builder->get(Array)
#5 /home/dfyne/dfyne-lab6/services/promotions/vendor/laravel/framework/src/Illuminate/Database/Eloquent/Builder.php(890): Illuminate\\Database\\Eloquent\\Builder->getModels(Array)
#6 /home/dfyne/dfyne-lab6/services/promotions/vendor/laravel/framework/src/Illuminate/Database/Concerns/BuildsQueries.php(366): Illuminate\\Database\\Eloquent\\Builder->get(Array)
#7 /home/dfyne/dfyne-lab6/services/promotions/vendor/laravel/framework/src/Illuminate/Database/Eloquent/Builder.php(712): Illuminate\\Database\\Eloquent\\Builder->first()
#8 /home/dfyne/dfyne-lab6/services/promotions/vendor/laravel/framework/src/Illuminate/Database/Eloquent/Builder.php(746): Illuminate\\Database\\Eloquent\\Builder->firstOrCreate(Array, Array)
#9 /home/dfyne/dfyne-lab6/services/promotions/vendor/laravel/framework/src/Illuminate/Support/Traits/ForwardsCalls.php(23): Illuminate\\Database\\Eloquent\\Builder->updateOrCreate(Array, Array)
#10 /home/dfyne/dfyne-lab6/services/promotions/vendor/laravel/framework/src/Illuminate/Database/Eloquent/Model.php(2809): Illuminate\\Database\\Eloquent\\Model->forwardCallTo(Object(Illuminate\\Database\\Eloquent\\Builder), 'updateOrCreate', Array)
#11 /home/dfyne/dfyne-lab6/services/promotions/vendor/laravel/framework/src/Illuminate/Database/Eloquent/Model.php(2825): Illuminate\\Database\\Eloquent\\Model->__call('updateOrCreate', Array)
#12 /home/dfyne/dfyne-lab6/services/promotions/database/seeders/PromotionCodeSeeder.php(16): Illuminate\\Database\\Eloquent\\Model::__callStatic('updateOrCreate', Array)
#13 /home/dfyne/dfyne-lab6/services/promotions/vendor/laravel/framework/src/Illuminate/Container/BoundMethod.php(36): Database\\Seeders\\PromotionCodeSeeder->run()
#14 /home/dfyne/dfyne-lab6/services/promotions/vendor/laravel/framework/src/Illuminate/Container/Util.php(43): Illuminate\\Container\\BoundMethod::{closure:Illuminate\\Container\\BoundMethod::call():35}()
#15 /home/dfyne/dfyne-lab6/services/promotions/vendor/laravel/framework/src/Illuminate/Container/BoundMethod.php(96): Illuminate\\Container\\Util::unwrapIfClosure(Object(Closure))
#16 /home/dfyne/dfyne-lab6/services/promotions/vendor/laravel/framework/src/Illuminate/Container/BoundMethod.php(35): Illuminate\\Container\\BoundMethod::callBoundMethod(Object(Illuminate\\Foundation\\Application), Array, Object(Closure))
#17 /home/dfyne/dfyne-lab6/services/promotions/vendor/laravel/framework/src/Illuminate/Container/Container.php(799): Illuminate\\Container\\BoundMethod::call(Object(Illuminate\\Foundation\\Application), Array, Array, NULL)
#18 /home/dfyne/dfyne-lab6/services/promotions/vendor/laravel/framework/src/Illuminate/Database/Seeder.php(184): Illuminate\\Container\\Container->call(Array, Array)
#19 /home/dfyne/dfyne-lab6/services/promotions/vendor/laravel/framework/src/Illuminate/Database/Seeder.php(191): Illuminate\\Database\\Seeder->{closure:Illuminate\\Database\\Seeder::__invoke():183}()
#20 /home/dfyne/dfyne-lab6/services/promotions/vendor/laravel/framework/src/Illuminate/Database/Seeder.php(59): Illuminate\\Database\\Seeder->__invoke(Array)
#21 /home/dfyne/dfyne-lab6/services/promotions/database/seeders/DatabaseSeeder.php(25): Illuminate\\Database\\Seeder->call('Database\\\\Seeder...')
#22 /home/dfyne/dfyne-lab6/services/promotions/vendor/laravel/framework/src/Illuminate/Container/BoundMethod.php(36): Database\\Seeders\\DatabaseSeeder->run()
#23 /home/dfyne/dfyne-lab6/services/promotions/vendor/laravel/framework/src/Illuminate/Container/Util.php(43): Illuminate\\Container\\BoundMethod::{closure:Illuminate\\Container\\BoundMethod::call():35}()
#24 /home/dfyne/dfyne-lab6/services/promotions/vendor/laravel/framework/src/Illuminate/Container/BoundMethod.php(96): Illuminate\\Container\\Util::unwrapIfClosure(Object(Closure))
#25 /home/dfyne/dfyne-lab6/services/promotions/vendor/laravel/framework/src/Illuminate/Container/BoundMethod.php(35): Illuminate\\Container\\BoundMethod::callBoundMethod(Object(Illuminate\\Foundation\\Application), Array, Object(Closure))
#26 /home/dfyne/dfyne-lab6/services/promotions/vendor/laravel/framework/src/Illuminate/Container/Container.php(799): Illuminate\\Container\\BoundMethod::call(Object(Illuminate\\Foundation\\Application), Array, Array, NULL)
#27 /home/dfyne/dfyne-lab6/services/promotions/vendor/laravel/framework/src/Illuminate/Database/Seeder.php(184): Illuminate\\Container\\Container->call(Array, Array)
#28 /home/dfyne/dfyne-lab6/services/promotions/vendor/laravel/framework/src/Illuminate/Database/Eloquent/Concerns/HasEvents.php(456): Illuminate\\Database\\Seeder->{closure:Illuminate\\Database\\Seeder::__invoke():183}()
#29 /home/dfyne/dfyne-lab6/services/promotions/vendor/laravel/framework/src/Illuminate/Database/Console/Seeds/WithoutModelEvents.php(17): Illuminate\\Database\\Eloquent\\Model::withoutEvents(Object(Closure))
#30 /home/dfyne/dfyne-lab6/services/promotions/vendor/laravel/framework/src/Illuminate/Database/Seeder.php(191): Database\\Seeders\\DatabaseSeeder->{closure:Illuminate\\Database\\Console\\Seeds\\WithoutModelEvents::withoutModelEvents():17}()
#31 /home/dfyne/dfyne-lab6/services/promotions/vendor/laravel/framework/src/Illuminate/Database/Console/Seeds/SeedCommand.php(71): Illuminate\\Database\\Seeder->__invoke()
#32 /home/dfyne/dfyne-lab6/services/promotions/vendor/laravel/framework/src/Illuminate/Database/Eloquent/Concerns/GuardsAttributes.php(185): Illuminate\\Database\\Console\\Seeds\\SeedCommand->{closure:Illuminate\\Database\\Console\\Seeds\\SeedCommand::handle():70}()
#33 /home/dfyne/dfyne-lab6/services/promotions/vendor/laravel/framework/src/Illuminate/Database/Console/Seeds/SeedCommand.php(70): Illuminate\\Database\\Eloquent\\Model::unguarded(Object(Closure))
#34 /home/dfyne/dfyne-lab6/services/promotions/vendor/laravel/framework/src/Illuminate/Container/BoundMethod.php(36): Illuminate\\Database\\Console\\Seeds\\SeedCommand->handle()
#35 /home/dfyne/dfyne-lab6/services/promotions/vendor/laravel/framework/src/Illuminate/Container/Util.php(43): Illuminate\\Container\\BoundMethod::{closure:Illuminate\\Container\\BoundMethod::call():35}()
#36 /home/dfyne/dfyne-lab6/services/promotions/vendor/laravel/framework/src/Illuminate/Container/BoundMethod.php(96): Illuminate\\Container\\Util::unwrapIfClosure(Object(Closure))
#37 /home/dfyne/dfyne-lab6/services/promotions/vendor/laravel/framework/src/Illuminate/Container/BoundMethod.php(35): Illuminate\\Container\\BoundMethod::callBoundMethod(Object(Illuminate\\Foundation\\Application), Array, Object(Closure))
#38 /home/dfyne/dfyne-lab6/services/promotions/vendor/laravel/framework/src/Illuminate/Container/Container.php(799): Illuminate\\Container\\BoundMethod::call(Object(Illuminate\\Foundation\\Application), Array, Array, NULL)
#39 /home/dfyne/dfyne-lab6/services/promotions/vendor/laravel/framework/src/Illuminate/Console/Command.php(280): Illuminate\\Container\\Container->call(Array)
#40 /home/dfyne/dfyne-lab6/services/promotions/vendor/symfony/console/Command/Command.php(284): Illuminate\\Console\\Command->execute(Object(Symfony\\Component\\Console\\Input\\ArrayInput), Object(Illuminate\\Console\\OutputStyle))
#41 /home/dfyne/dfyne-lab6/services/promotions/vendor/laravel/framework/src/Illuminate/Console/Command.php(249): Symfony\\Component\\Console\\Command\\Command->run(Object(Symfony\\Component\\Console\\Input\\ArrayInput), Object(Illuminate\\Console\\OutputStyle))
#42 /home/dfyne/dfyne-lab6/services/promotions/vendor/laravel/framework/src/Illuminate/Console/Concerns/CallsCommands.php(68): Illuminate\\Console\\Command->run(Object(Symfony\\Component\\Console\\Input\\ArrayInput), Object(Illuminate\\Console\\OutputStyle))
#43 /home/dfyne/dfyne-lab6/services/promotions/vendor/laravel/framework/src/Illuminate/Console/Concerns/CallsCommands.php(29): Illuminate\\Console\\Command->runCommand('db:seed', Array, Object(Illuminate\\Console\\OutputStyle))
#44 /home/dfyne/dfyne-lab6/services/promotions/vendor/laravel/framework/src/Illuminate/Database/Console/Migrations/FreshCommand.php(128): Illuminate\\Console\\Command->call('db:seed', Array)
#45 /home/dfyne/dfyne-lab6/services/promotions/vendor/laravel/framework/src/Illuminate/Database/Console/Migrations/FreshCommand.php(104): Illuminate\\Database\\Console\\Migrations\\FreshCommand->runSeeder(NULL)
#46 /home/dfyne/dfyne-lab6/services/promotions/vendor/laravel/framework/src/Illuminate/Container/BoundMethod.php(36): Illuminate\\Database\\Console\\Migrations\\FreshCommand->handle()
#47 /home/dfyne/dfyne-lab6/services/promotions/vendor/laravel/framework/src/Illuminate/Container/Util.php(43): Illuminate\\Container\\BoundMethod::{closure:Illuminate\\Container\\BoundMethod::call():35}()
#48 /home/dfyne/dfyne-lab6/services/promotions/vendor/laravel/framework/src/Illuminate/Container/BoundMethod.php(96): Illuminate\\Container\\Util::unwrapIfClosure(Object(Closure))
#49 /home/dfyne/dfyne-lab6/services/promotions/vendor/laravel/framework/src/Illuminate/Container/BoundMethod.php(35): Illuminate\\Container\\BoundMethod::callBoundMethod(Object(Illuminate\\Foundation\\Application), Array, Object(Closure))
#50 /home/dfyne/dfyne-lab6/services/promotions/vendor/laravel/framework/src/Illuminate/Container/Container.php(799): Illuminate\\Container\\BoundMethod::call(Object(Illuminate\\Foundation\\Application), Array, Array, NULL)
#51 /home/dfyne/dfyne-lab6/services/promotions/vendor/laravel/framework/src/Illuminate/Console/Command.php(280): Illuminate\\Container\\Container->call(Array)
#52 /home/dfyne/dfyne-lab6/services/promotions/vendor/symfony/console/Command/Command.php(284): Illuminate\\Console\\Command->execute(Object(Symfony\\Component\\Console\\Input\\ArgvInput), Object(Illuminate\\Console\\OutputStyle))
#53 /home/dfyne/dfyne-lab6/services/promotions/vendor/laravel/framework/src/Illuminate/Console/Command.php(249): Symfony\\Component\\Console\\Command\\Command->run(Object(Symfony\\Component\\Console\\Input\\ArgvInput), Object(Illuminate\\Console\\OutputStyle))
#54 /home/dfyne/dfyne-lab6/services/promotions/vendor/symfony/console/Application.php(1144): Illuminate\\Console\\Command->run(Object(Symfony\\Component\\Console\\Input\\ArgvInput), Object(Symfony\\Component\\Console\\Output\\ConsoleOutput))
#55 /home/dfyne/dfyne-lab6/services/promotions/vendor/symfony/console/Application.php(379): Symfony\\Component\\Console\\Application->doRunCommand(Object(Illuminate\\Database\\Console\\Migrations\\FreshCommand), Object(Symfony\\Component\\Console\\Input\\ArgvInput), Object(Symfony\\Component\\Console\\Output\\ConsoleOutput))
#56 /home/dfyne/dfyne-lab6/services/promotions/vendor/symfony/console/Application.php(218): Symfony\\Component\\Console\\Application->doRun(Object(Symfony\\Component\\Console\\Input\\ArgvInput), Object(Symfony\\Component\\Console\\Output\\ConsoleOutput))
#57 /home/dfyne/dfyne-lab6/services/promotions/vendor/laravel/framework/src/Illuminate/Foundation/Console/Kernel.php(198): Symfony\\Component\\Console\\Application->run(Object(Symfony\\Component\\Console\\Input\\ArgvInput), Object(Symfony\\Component\\Console\\Output\\ConsoleOutput))
#58 /home/dfyne/dfyne-lab6/services/promotions/vendor/laravel/framework/src/Illuminate/Foundation/Application.php(1235): Illuminate\\Foundation\\Console\\Kernel->handle(Object(Symfony\\Component\\Console\\Input\\ArgvInput), Object(Symfony\\Component\\Console\\Output\\ConsoleOutput))
#59 /home/dfyne/dfyne-lab6/services/promotions/artisan(16): Illuminate\\Foundation\\Application->handleCommand(Object(Symfony\\Component\\Console\\Input\\ArgvInput))
#60 {main}

[previous exception] [object] (PDOException(code: 42P01): SQLSTATE[42P01]: Undefined table: 7 ERROR:  relation \"promotion_codes\" does not exist
LINE 1: select * from \"promotion_codes\" where (\"code\" = $1) limit 1
                      ^ at /home/dfyne/dfyne-lab6/services/promotions/vendor/laravel/framework/src/Illuminate/Database/Connection.php:440)
[stacktrace]
#0 /home/dfyne/dfyne-lab6/services/promotions/vendor/laravel/framework/src/Illuminate/Database/Connection.php(440): PDOStatement->execute()
#1 /home/dfyne/dfyne-lab6/services/promotions/vendor/laravel/framework/src/Illuminate/Database/Connection.php(846): Illuminate\\Database\\Connection->{closure:Illuminate\\Database\\Connection::select():426}('select * from \"...', Array)
#2 /home/dfyne/dfyne-lab6/services/promotions/vendor/laravel/framework/src/Illuminate/Database/Connection.php(813): Illuminate\\Database\\Connection->runQueryCallback('select * from \"...', Array, Object(Closure))
#3 /home/dfyne/dfyne-lab6/services/promotions/vendor/laravel/framework/src/Illuminate/Database/Connection.php(426): Illuminate\\Database\\Connection->run('select * from \"...', Array, Object(Closure))
#4 /home/dfyne/dfyne-lab6/services/promotions/vendor/laravel/framework/src/Illuminate/Database/Query/Builder.php(3573): Illuminate\\Database\\Connection->select('select * from \"...', Array, true, Array)
#5 /home/dfyne/dfyne-lab6/services/promotions/vendor/laravel/framework/src/Illuminate/Database/Query/Builder.php(3557): Illuminate\\Database\\Query\\Builder->runSelect()
#6 /home/dfyne/dfyne-lab6/services/promotions/vendor/laravel/framework/src/Illuminate/Database/Eloquent/Builder.php(908): Illuminate\\Database\\Query\\Builder->get(Array)
#7 /home/dfyne/dfyne-lab6/services/promotions/vendor/laravel/framework/src/Illuminate/Database/Eloquent/Builder.php(890): Illuminate\\Database\\Eloquent\\Builder->getModels(Array)
#8 /home/dfyne/dfyne-lab6/services/promotions/vendor/laravel/framework/src/Illuminate/Database/Concerns/BuildsQueries.php(366): Illuminate\\Database\\Eloquent\\Builder->get(Array)
#9 /home/dfyne/dfyne-lab6/services/promotions/vendor/laravel/framework/src/Illuminate/Database/Eloquent/Builder.php(712): Illuminate\\Database\\Eloquent\\Builder->first()
#10 /home/dfyne/dfyne-lab6/services/promotions/vendor/laravel/framework/src/Illuminate/Database/Eloquent/Builder.php(746): Illuminate\\Database\\Eloquent\\Builder->firstOrCreate(Array, Array)
#11 /home/dfyne/dfyne-lab6/services/promotions/vendor/laravel/framework/src/Illuminate/Support/Traits/ForwardsCalls.php(23): Illuminate\\Database\\Eloquent\\Builder->updateOrCreate(Array, Array)
#12 /home/dfyne/dfyne-lab6/services/promotions/vendor/laravel/framework/src/Illuminate/Database/Eloquent/Model.php(2809): Illuminate\\Database\\Eloquent\\Model->forwardCallTo(Object(Illuminate\\Database\\Eloquent\\Builder), 'updateOrCreate', Array)
#13 /home/dfyne/dfyne-lab6/services/promotions/vendor/laravel/framework/src/Illuminate/Database/Eloquent/Model.php(2825): Illuminate\\Database\\Eloquent\\Model->__call('updateOrCreate', Array)
#14 /home/dfyne/dfyne-lab6/services/promotions/database/seeders/PromotionCodeSeeder.php(16): Illuminate\\Database\\Eloquent\\Model::__callStatic('updateOrCreate', Array)
#15 /home/dfyne/dfyne-lab6/services/promotions/vendor/laravel/framework/src/Illuminate/Container/BoundMethod.php(36): Database\\Seeders\\PromotionCodeSeeder->run()
#16 /home/dfyne/dfyne-lab6/services/promotions/vendor/laravel/framework/src/Illuminate/Container/Util.php(43): Illuminate\\Container\\BoundMethod::{closure:Illuminate\\Container\\BoundMethod::call():35}()
#17 /home/dfyne/dfyne-lab6/services/promotions/vendor/laravel/framework/src/Illuminate/Container/BoundMethod.php(96): Illuminate\\Container\\Util::unwrapIfClosure(Object(Closure))
#18 /home/dfyne/dfyne-lab6/services/promotions/vendor/laravel/framework/src/Illuminate/Container/BoundMethod.php(35): Illuminate\\Container\\BoundMethod::callBoundMethod(Object(Illuminate\\Foundation\\Application), Array, Object(Closure))
#19 /home/dfyne/dfyne-lab6/services/promotions/vendor/laravel/framework/src/Illuminate/Container/Container.php(799): Illuminate\\Container\\BoundMethod::call(Object(Illuminate\\Foundation\\Application), Array, Array, NULL)
#20 /home/dfyne/dfyne-lab6/services/promotions/vendor/laravel/framework/src/Illuminate/Database/Seeder.php(184): Illuminate\\Container\\Container->call(Array, Array)
#21 /home/dfyne/dfyne-lab6/services/promotions/vendor/laravel/framework/src/Illuminate/Database/Seeder.php(191): Illuminate\\Database\\Seeder->{closure:Illuminate\\Database\\Seeder::__invoke():183}()
#22 /home/dfyne/dfyne-lab6/services/promotions/vendor/laravel/framework/src/Illuminate/Database/Seeder.php(59): Illuminate\\Database\\Seeder->__invoke(Array)
#23 /home/dfyne/dfyne-lab6/services/promotions/database/seeders/DatabaseSeeder.php(25): Illuminate\\Database\\Seeder->call('Database\\\\Seeder...')
#24 /home/dfyne/dfyne-lab6/services/promotions/vendor/laravel/framework/src/Illuminate/Container/BoundMethod.php(36): Database\\Seeders\\DatabaseSeeder->run()
#25 /home/dfyne/dfyne-lab6/services/promotions/vendor/laravel/framework/src/Illuminate/Container/Util.php(43): Illuminate\\Container\\BoundMethod::{closure:Illuminate\\Container\\BoundMethod::call():35}()
#26 /home/dfyne/dfyne-lab6/services/promotions/vendor/laravel/framework/src/Illuminate/Container/BoundMethod.php(96): Illuminate\\Container\\Util::unwrapIfClosure(Object(Closure))
#27 /home/dfyne/dfyne-lab6/services/promotions/vendor/laravel/framework/src/Illuminate/Container/BoundMethod.php(35): Illuminate\\Container\\BoundMethod::callBoundMethod(Object(Illuminate\\Foundation\\Application), Array, Object(Closure))
#28 /home/dfyne/dfyne-lab6/services/promotions/vendor/laravel/framework/src/Illuminate/Container/Container.php(799): Illuminate\\Container\\BoundMethod::call(Object(Illuminate\\Foundation\\Application), Array, Array, NULL)
#29 /home/dfyne/dfyne-lab6/services/promotions/vendor/laravel/framework/src/Illuminate/Database/Seeder.php(184): Illuminate\\Container\\Container->call(Array, Array)
#30 /home/dfyne/dfyne-lab6/services/promotions/vendor/laravel/framework/src/Illuminate/Database/Eloquent/Concerns/HasEvents.php(456): Illuminate\\Database\\Seeder->{closure:Illuminate\\Database\\Seeder::__invoke():183}()
#31 /home/dfyne/dfyne-lab6/services/promotions/vendor/laravel/framework/src/Illuminate/Database/Console/Seeds/WithoutModelEvents.php(17): Illuminate\\Database\\Eloquent\\Model::withoutEvents(Object(Closure))
#32 /home/dfyne/dfyne-lab6/services/promotions/vendor/laravel/framework/src/Illuminate/Database/Seeder.php(191): Database\\Seeders\\DatabaseSeeder->{closure:Illuminate\\Database\\Console\\Seeds\\WithoutModelEvents::withoutModelEvents():17}()
#33 /home/dfyne/dfyne-lab6/services/promotions/vendor/laravel/framework/src/Illuminate/Database/Console/Seeds/SeedCommand.php(71): Illuminate\\Database\\Seeder->__invoke()
#34 /home/dfyne/dfyne-lab6/services/promotions/vendor/laravel/framework/src/Illuminate/Database/Eloquent/Concerns/GuardsAttributes.php(185): Illuminate\\Database\\Console\\Seeds\\SeedCommand->{closure:Illuminate\\Database\\Console\\Seeds\\SeedCommand::handle():70}()
#35 /home/dfyne/dfyne-lab6/services/promotions/vendor/laravel/framework/src/Illuminate/Database/Console/Seeds/SeedCommand.php(70): Illuminate\\Database\\Eloquent\\Model::unguarded(Object(Closure))
#36 /home/dfyne/dfyne-lab6/services/promotions/vendor/laravel/framework/src/Illuminate/Container/BoundMethod.php(36): Illuminate\\Database\\Console\\Seeds\\SeedCommand->handle()
#37 /home/dfyne/dfyne-lab6/services/promotions/vendor/laravel/framework/src/Illuminate/Container/Util.php(43): Illuminate\\Container\\BoundMethod::{closure:Illuminate\\Container\\BoundMethod::call():35}()
#38 /home/dfyne/dfyne-lab6/services/promotions/vendor/laravel/framework/src/Illuminate/Container/BoundMethod.php(96): Illuminate\\Container\\Util::unwrapIfClosure(Object(Closure))
#39 /home/dfyne/dfyne-lab6/services/promotions/vendor/laravel/framework/src/Illuminate/Container/BoundMethod.php(35): Illuminate\\Container\\BoundMethod::callBoundMethod(Object(Illuminate\\Foundation\\Application), Array, Object(Closure))
#40 /home/dfyne/dfyne-lab6/services/promotions/vendor/laravel/framework/src/Illuminate/Container/Container.php(799): Illuminate\\Container\\BoundMethod::call(Object(Illuminate\\Foundation\\Application), Array, Array, NULL)
#41 /home/dfyne/dfyne-lab6/services/promotions/vendor/laravel/framework/src/Illuminate/Console/Command.php(280): Illuminate\\Container\\Container->call(Array)
#42 /home/dfyne/dfyne-lab6/services/promotions/vendor/symfony/console/Command/Command.php(284): Illuminate\\Console\\Command->execute(Object(Symfony\\Component\\Console\\Input\\ArrayInput), Object(Illuminate\\Console\\OutputStyle))
#43 /home/dfyne/dfyne-lab6/services/promotions/vendor/laravel/framework/src/Illuminate/Console/Command.php(249): Symfony\\Component\\Console\\Command\\Command->run(Object(Symfony\\Component\\Console\\Input\\ArrayInput), Object(Illuminate\\Console\\OutputStyle))
#44 /home/dfyne/dfyne-lab6/services/promotions/vendor/laravel/framework/src/Illuminate/Console/Concerns/CallsCommands.php(68): Illuminate\\Console\\Command->run(Object(Symfony\\Component\\Console\\Input\\ArrayInput), Object(Illuminate\\Console\\OutputStyle))
#45 /home/dfyne/dfyne-lab6/services/promotions/vendor/laravel/framework/src/Illuminate/Console/Concerns/CallsCommands.php(29): Illuminate\\Console\\Command->runCommand('db:seed', Array, Object(Illuminate\\Console\\OutputStyle))
#46 /home/dfyne/dfyne-lab6/services/promotions/vendor/laravel/framework/src/Illuminate/Database/Console/Migrations/FreshCommand.php(128): Illuminate\\Console\\Command->call('db:seed', Array)
#47 /home/dfyne/dfyne-lab6/services/promotions/vendor/laravel/framework/src/Illuminate/Database/Console/Migrations/FreshCommand.php(104): Illuminate\\Database\\Console\\Migrations\\FreshCommand->runSeeder(NULL)
#48 /home/dfyne/dfyne-lab6/services/promotions/vendor/laravel/framework/src/Illuminate/Container/BoundMethod.php(36): Illuminate\\Database\\Console\\Migrations\\FreshCommand->handle()
#49 /home/dfyne/dfyne-lab6/services/promotions/vendor/laravel/framework/src/Illuminate/Container/Util.php(43): Illuminate\\Container\\BoundMethod::{closure:Illuminate\\Container\\BoundMethod::call():35}()
#50 /home/dfyne/dfyne-lab6/services/promotions/vendor/laravel/framework/src/Illuminate/Container/BoundMethod.php(96): Illuminate\\Container\\Util::unwrapIfClosure(Object(Closure))
#51 /home/dfyne/dfyne-lab6/services/promotions/vendor/laravel/framework/src/Illuminate/Container/BoundMethod.php(35): Illuminate\\Container\\BoundMethod::callBoundMethod(Object(Illuminate\\Foundation\\Application), Array, Object(Closure))
#52 /home/dfyne/dfyne-lab6/services/promotions/vendor/laravel/framework/src/Illuminate/Container/Container.php(799): Illuminate\\Container\\BoundMethod::call(Object(Illuminate\\Foundation\\Application), Array, Array, NULL)
#53 /home/dfyne/dfyne-lab6/services/promotions/vendor/laravel/framework/src/Illuminate/Console/Command.php(280): Illuminate\\Container\\Container->call(Array)
#54 /home/dfyne/dfyne-lab6/services/promotions/vendor/symfony/console/Command/Command.php(284): Illuminate\\Console\\Command->execute(Object(Symfony\\Component\\Console\\Input\\ArgvInput), Object(Illuminate\\Console\\OutputStyle))
#55 /home/dfyne/dfyne-lab6/services/promotions/vendor/laravel/framework/src/Illuminate/Console/Command.php(249): Symfony\\Component\\Console\\Command\\Command->run(Object(Symfony\\Component\\Console\\Input\\ArgvInput), Object(Illuminate\\Console\\OutputStyle))
#56 /home/dfyne/dfyne-lab6/services/promotions/vendor/symfony/console/Application.php(1144): Illuminate\\Console\\Command->run(Object(Symfony\\Component\\Console\\Input\\ArgvInput), Object(Symfony\\Component\\Console\\Output\\ConsoleOutput))
#57 /home/dfyne/dfyne-lab6/services/promotions/vendor/symfony/console/Application.php(379): Symfony\\Component\\Console\\Application->doRunCommand(Object(Illuminate\\Database\\Console\\Migrations\\FreshCommand), Object(Symfony\\Component\\Console\\Input\\ArgvInput), Object(Symfony\\Component\\Console\\Output\\ConsoleOutput))
#58 /home/dfyne/dfyne-lab6/services/promotions/vendor/symfony/console/Application.php(218): Symfony\\Component\\Console\\Application->doRun(Object(Symfony\\Component\\Console\\Input\\ArgvInput), Object(Symfony\\Component\\Console\\Output\\ConsoleOutput))
#59 /home/dfyne/dfyne-lab6/services/promotions/vendor/laravel/framework/src/Illuminate/Foundation/Console/Kernel.php(198): Symfony\\Component\\Console\\Application->run(Object(Symfony\\Component\\Console\\Input\\ArgvInput), Object(Symfony\\Component\\Console\\Output\\ConsoleOutput))
#60 /home/dfyne/dfyne-lab6/services/promotions/vendor/laravel/framework/src/Illuminate/Foundation/Application.php(1235): Illuminate\\Foundation\\Console\\Kernel->handle(Object(Symfony\\Component\\Console\\Input\\ArgvInput), Object(Symfony\\Component\\Console\\Output\\ConsoleOutput))
#61 /home/dfyne/dfyne-lab6/services/promotions/artisan(16): Illuminate\\Foundation\\Application->handleCommand(Object(Symfony\\Component\\Console\\Input\\ArgvInput))
#62 {main}
"} 
[2026-06-29 11:17:27] local.ERROR: SQLSTATE[42P01]: Undefined table: 7 ERROR:  relation "promotion_codes" does not exist
LINE 1: select * from "promotion_codes" where ("code" = $1) limit 1
                      ^ (Connection: pgsql, Host: 127.0.0.1, Port: 5432, Database: laravel_test, SQL: select * from "promotion_codes" where ("code" = WELCOME10) limit 1) {"exception":"[object] (Illuminate\\Database\\QueryException(code: 42P01): SQLSTATE[42P01]: Undefined table: 7 ERROR:  relation \"promotion_codes\" does not exist
LINE 1: select * from \"promotion_codes\" where (\"code\" = $1) limit 1
                      ^ (Connection: pgsql, Host: 127.0.0.1, Port: 5432, Database: laravel_test, SQL: select * from \"promotion_codes\" where (\"code\" = WELCOME10) limit 1) at /home/dfyne/dfyne-lab6/services/promotions/vendor/laravel/framework/src/Illuminate/Database/Connection.php:857)
[stacktrace]
#0 /home/dfyne/dfyne-lab6/services/promotions/vendor/laravel/framework/src/Illuminate/Database/Connection.php(813): Illuminate\\Database\\Connection->runQueryCallback('select * from \"...', Array, Object(Closure))
#1 /home/dfyne/dfyne-lab6/services/promotions/vendor/laravel/framework/src/Illuminate/Database/Connection.php(426): Illuminate\\Database\\Connection->run('select * from \"...', Array, Object(Closure))
#2 /home/dfyne/dfyne-lab6/services/promotions/vendor/laravel/framework/src/Illuminate/Database/Query/Builder.php(3573): Illuminate\\Database\\Connection->select('select * from \"...', Array, true, Array)
#3 /home/dfyne/dfyne-lab6/services/promotions/vendor/laravel/framework/src/Illuminate/Database/Query/Builder.php(3557): Illuminate\\Database\\Query\\Builder->runSelect()
#4 /home/dfyne/dfyne-lab6/services/promotions/vendor/laravel/framework/src/Illuminate/Database/Eloquent/Builder.php(908): Illuminate\\Database\\Query\\Builder->get(Array)
#5 /home/dfyne/dfyne-lab6/services/promotions/vendor/laravel/framework/src/Illuminate/Database/Eloquent/Builder.php(890): Illuminate\\Database\\Eloquent\\Builder->getModels(Array)
#6 /home/dfyne/dfyne-lab6/services/promotions/vendor/laravel/framework/src/Illuminate/Database/Concerns/BuildsQueries.php(366): Illuminate\\Database\\Eloquent\\Builder->get(Array)
#7 /home/dfyne/dfyne-lab6/services/promotions/vendor/laravel/framework/src/Illuminate/Database/Eloquent/Builder.php(712): Illuminate\\Database\\Eloquent\\Builder->first()
#8 /home/dfyne/dfyne-lab6/services/promotions/vendor/laravel/framework/src/Illuminate/Database/Eloquent/Builder.php(746): Illuminate\\Database\\Eloquent\\Builder->firstOrCreate(Array, Array)
#9 /home/dfyne/dfyne-lab6/services/promotions/vendor/laravel/framework/src/Illuminate/Support/Traits/ForwardsCalls.php(23): Illuminate\\Database\\Eloquent\\Builder->updateOrCreate(Array, Array)
#10 /home/dfyne/dfyne-lab6/services/promotions/vendor/laravel/framework/src/Illuminate/Database/Eloquent/Model.php(2809): Illuminate\\Database\\Eloquent\\Model->forwardCallTo(Object(Illuminate\\Database\\Eloquent\\Builder), 'updateOrCreate', Array)
#11 /home/dfyne/dfyne-lab6/services/promotions/vendor/laravel/framework/src/Illuminate/Database/Eloquent/Model.php(2825): Illuminate\\Database\\Eloquent\\Model->__call('updateOrCreate', Array)
#12 /home/dfyne/dfyne-lab6/services/promotions/database/seeders/PromotionCodeSeeder.php(16): Illuminate\\Database\\Eloquent\\Model::__callStatic('updateOrCreate', Array)
#13 /home/dfyne/dfyne-lab6/services/promotions/vendor/laravel/framework/src/Illuminate/Container/BoundMethod.php(36): Database\\Seeders\\PromotionCodeSeeder->run()
#14 /home/dfyne/dfyne-lab6/services/promotions/vendor/laravel/framework/src/Illuminate/Container/Util.php(43): Illuminate\\Container\\BoundMethod::{closure:Illuminate\\Container\\BoundMethod::call():35}()
#15 /home/dfyne/dfyne-lab6/services/promotions/vendor/laravel/framework/src/Illuminate/Container/BoundMethod.php(96): Illuminate\\Container\\Util::unwrapIfClosure(Object(Closure))
#16 /home/dfyne/dfyne-lab6/services/promotions/vendor/laravel/framework/src/Illuminate/Container/BoundMethod.php(35): Illuminate\\Container\\BoundMethod::callBoundMethod(Object(Illuminate\\Foundation\\Application), Array, Object(Closure))
#17 /home/dfyne/dfyne-lab6/services/promotions/vendor/laravel/framework/src/Illuminate/Container/Container.php(799): Illuminate\\Container\\BoundMethod::call(Object(Illuminate\\Foundation\\Application), Array, Array, NULL)
#18 /home/dfyne/dfyne-lab6/services/promotions/vendor/laravel/framework/src/Illuminate/Database/Seeder.php(184): Illuminate\\Container\\Container->call(Array, Array)
#19 /home/dfyne/dfyne-lab6/services/promotions/vendor/laravel/framework/src/Illuminate/Database/Seeder.php(191): Illuminate\\Database\\Seeder->{closure:Illuminate\\Database\\Seeder::__invoke():183}()
#20 /home/dfyne/dfyne-lab6/services/promotions/vendor/laravel/framework/src/Illuminate/Database/Seeder.php(59): Illuminate\\Database\\Seeder->__invoke(Array)
#21 /home/dfyne/dfyne-lab6/services/promotions/database/seeders/DatabaseSeeder.php(25): Illuminate\\Database\\Seeder->call('Database\\\\Seeder...')
#22 /home/dfyne/dfyne-lab6/services/promotions/vendor/laravel/framework/src/Illuminate/Container/BoundMethod.php(36): Database\\Seeders\\DatabaseSeeder->run()
#23 /home/dfyne/dfyne-lab6/services/promotions/vendor/laravel/framework/src/Illuminate/Container/Util.php(43): Illuminate\\Container\\BoundMethod::{closure:Illuminate\\Container\\BoundMethod::call():35}()
#24 /home/dfyne/dfyne-lab6/services/promotions/vendor/laravel/framework/src/Illuminate/Container/BoundMethod.php(96): Illuminate\\Container\\Util::unwrapIfClosure(Object(Closure))
#25 /home/dfyne/dfyne-lab6/services/promotions/vendor/laravel/framework/src/Illuminate/Container/BoundMethod.php(35): Illuminate\\Container\\BoundMethod::callBoundMethod(Object(Illuminate\\Foundation\\Application), Array, Object(Closure))
#26 /home/dfyne/dfyne-lab6/services/promotions/vendor/laravel/framework/src/Illuminate/Container/Container.php(799): Illuminate\\Container\\BoundMethod::call(Object(Illuminate\\Foundation\\Application), Array, Array, NULL)
#27 /home/dfyne/dfyne-lab6/services/promotions/vendor/laravel/framework/src/Illuminate/Database/Seeder.php(184): Illuminate\\Container\\Container->call(Array, Array)
#28 /home/dfyne/dfyne-lab6/services/promotions/vendor/laravel/framework/src/Illuminate/Database/Eloquent/Concerns/HasEvents.php(456): Illuminate\\Database\\Seeder->{closure:Illuminate\\Database\\Seeder::__invoke():183}()
#29 /home/dfyne/dfyne-lab6/services/promotions/vendor/laravel/framework/src/Illuminate/Database/Console/Seeds/WithoutModelEvents.php(17): Illuminate\\Database\\Eloquent\\Model::withoutEvents(Object(Closure))
#30 /home/dfyne/dfyne-lab6/services/promotions/vendor/laravel/framework/src/Illuminate/Database/Seeder.php(191): Database\\Seeders\\DatabaseSeeder->{closure:Illuminate\\Database\\Console\\Seeds\\WithoutModelEvents::withoutModelEvents():17}()
#31 /home/dfyne/dfyne-lab6/services/promotions/vendor/laravel/framework/src/Illuminate/Database/Console/Seeds/SeedCommand.php(71): Illuminate\\Database\\Seeder->__invoke()
#32 /home/dfyne/dfyne-lab6/services/promotions/vendor/laravel/framework/src/Illuminate/Database/Eloquent/Concerns/GuardsAttributes.php(185): Illuminate\\Database\\Console\\Seeds\\SeedCommand->{closure:Illuminate\\Database\\Console\\Seeds\\SeedCommand::handle():70}()
#33 /home/dfyne/dfyne-lab6/services/promotions/vendor/laravel/framework/src/Illuminate/Database/Console/Seeds/SeedCommand.php(70): Illuminate\\Database\\Eloquent\\Model::unguarded(Object(Closure))
#34 /home/dfyne/dfyne-lab6/services/promotions/vendor/laravel/framework/src/Illuminate/Container/BoundMethod.php(36): Illuminate\\Database\\Console\\Seeds\\SeedCommand->handle()
#35 /home/dfyne/dfyne-lab6/services/promotions/vendor/laravel/framework/src/Illuminate/Container/Util.php(43): Illuminate\\Container\\BoundMethod::{closure:Illuminate\\Container\\BoundMethod::call():35}()
#36 /home/dfyne/dfyne-lab6/services/promotions/vendor/laravel/framework/src/Illuminate/Container/BoundMethod.php(96): Illuminate\\Container\\Util::unwrapIfClosure(Object(Closure))
#37 /home/dfyne/dfyne-lab6/services/promotions/vendor/laravel/framework/src/Illuminate/Container/BoundMethod.php(35): Illuminate\\Container\\BoundMethod::callBoundMethod(Object(Illuminate\\Foundation\\Application), Array, Object(Closure))
#38 /home/dfyne/dfyne-lab6/services/promotions/vendor/laravel/framework/src/Illuminate/Container/Container.php(799): Illuminate\\Container\\BoundMethod::call(Object(Illuminate\\Foundation\\Application), Array, Array, NULL)
#39 /home/dfyne/dfyne-lab6/services/promotions/vendor/laravel/framework/src/Illuminate/Console/Command.php(280): Illuminate\\Container\\Container->call(Array)
#40 /home/dfyne/dfyne-lab6/services/promotions/vendor/symfony/console/Command/Command.php(284): Illuminate\\Console\\Command->execute(Object(Symfony\\Component\\Console\\Input\\ArrayInput), Object(Illuminate\\Console\\OutputStyle))
#41 /home/dfyne/dfyne-lab6/services/promotions/vendor/laravel/framework/src/Illuminate/Console/Command.php(249): Symfony\\Component\\Console\\Command\\Command->run(Object(Symfony\\Component\\Console\\Input\\ArrayInput), Object(Illuminate\\Console\\OutputStyle))
#42 /home/dfyne/dfyne-lab6/services/promotions/vendor/laravel/framework/src/Illuminate/Console/Concerns/CallsCommands.php(68): Illuminate\\Console\\Command->run(Object(Symfony\\Component\\Console\\Input\\ArrayInput), Object(Illuminate\\Console\\OutputStyle))
#43 /home/dfyne/dfyne-lab6/services/promotions/vendor/laravel/framework/src/Illuminate/Console/Concerns/CallsCommands.php(29): Illuminate\\Console\\Command->runCommand('db:seed', Array, Object(Illuminate\\Console\\OutputStyle))
#44 /home/dfyne/dfyne-lab6/services/promotions/vendor/laravel/framework/src/Illuminate/Database/Console/Migrations/FreshCommand.php(128): Illuminate\\Console\\Command->call('db:seed', Array)
#45 /home/dfyne/dfyne-lab6/services/promotions/vendor/laravel/framework/src/Illuminate/Database/Console/Migrations/FreshCommand.php(104): Illuminate\\Database\\Console\\Migrations\\FreshCommand->runSeeder(NULL)
#46 /home/dfyne/dfyne-lab6/services/promotions/vendor/laravel/framework/src/Illuminate/Container/BoundMethod.php(36): Illuminate\\Database\\Console\\Migrations\\FreshCommand->handle()
#47 /home/dfyne/dfyne-lab6/services/promotions/vendor/laravel/framework/src/Illuminate/Container/Util.php(43): Illuminate\\Container\\BoundMethod::{closure:Illuminate\\Container\\BoundMethod::call():35}()
#48 /home/dfyne/dfyne-lab6/services/promotions/vendor/laravel/framework/src/Illuminate/Container/BoundMethod.php(96): Illuminate\\Container\\Util::unwrapIfClosure(Object(Closure))
#49 /home/dfyne/dfyne-lab6/services/promotions/vendor/laravel/framework/src/Illuminate/Container/BoundMethod.php(35): Illuminate\\Container\\BoundMethod::callBoundMethod(Object(Illuminate\\Foundation\\Application), Array, Object(Closure))
#50 /home/dfyne/dfyne-lab6/services/promotions/vendor/laravel/framework/src/Illuminate/Container/Container.php(799): Illuminate\\Container\\BoundMethod::call(Object(Illuminate\\Foundation\\Application), Array, Array, NULL)
#51 /home/dfyne/dfyne-lab6/services/promotions/vendor/laravel/framework/src/Illuminate/Console/Command.php(280): Illuminate\\Container\\Container->call(Array)
#52 /home/dfyne/dfyne-lab6/services/promotions/vendor/symfony/console/Command/Command.php(284): Illuminate\\Console\\Command->execute(Object(Symfony\\Component\\Console\\Input\\ArgvInput), Object(Illuminate\\Console\\OutputStyle))
#53 /home/dfyne/dfyne-lab6/services/promotions/vendor/laravel/framework/src/Illuminate/Console/Command.php(249): Symfony\\Component\\Console\\Command\\Command->run(Object(Symfony\\Component\\Console\\Input\\ArgvInput), Object(Illuminate\\Console\\OutputStyle))
#54 /home/dfyne/dfyne-lab6/services/promotions/vendor/symfony/console/Application.php(1144): Illuminate\\Console\\Command->run(Object(Symfony\\Component\\Console\\Input\\ArgvInput), Object(Symfony\\Component\\Console\\Output\\ConsoleOutput))
#55 /home/dfyne/dfyne-lab6/services/promotions/vendor/symfony/console/Application.php(379): Symfony\\Component\\Console\\Application->doRunCommand(Object(Illuminate\\Database\\Console\\Migrations\\FreshCommand), Object(Symfony\\Component\\Console\\Input\\ArgvInput), Object(Symfony\\Component\\Console\\Output\\ConsoleOutput))
#56 /home/dfyne/dfyne-lab6/services/promotions/vendor/symfony/console/Application.php(218): Symfony\\Component\\Console\\Application->doRun(Object(Symfony\\Component\\Console\\Input\\ArgvInput), Object(Symfony\\Component\\Console\\Output\\ConsoleOutput))
#57 /home/dfyne/dfyne-lab6/services/promotions/vendor/laravel/framework/src/Illuminate/Foundation/Console/Kernel.php(198): Symfony\\Component\\Console\\Application->run(Object(Symfony\\Component\\Console\\Input\\ArgvInput), Object(Symfony\\Component\\Console\\Output\\ConsoleOutput))
#58 /home/dfyne/dfyne-lab6/services/promotions/vendor/laravel/framework/src/Illuminate/Foundation/Application.php(1235): Illuminate\\Foundation\\Console\\Kernel->handle(Object(Symfony\\Component\\Console\\Input\\ArgvInput), Object(Symfony\\Component\\Console\\Output\\ConsoleOutput))
#59 /home/dfyne/dfyne-lab6/services/promotions/artisan(16): Illuminate\\Foundation\\Application->handleCommand(Object(Symfony\\Component\\Console\\Input\\ArgvInput))
#60 {main}

[previous exception] [object] (PDOException(code: 42P01): SQLSTATE[42P01]: Undefined table: 7 ERROR:  relation \"promotion_codes\" does not exist
LINE 1: select * from \"promotion_codes\" where (\"code\" = $1) limit 1
                      ^ at /home/dfyne/dfyne-lab6/services/promotions/vendor/laravel/framework/src/Illuminate/Database/Connection.php:440)
[stacktrace]
#0 /home/dfyne/dfyne-lab6/services/promotions/vendor/laravel/framework/src/Illuminate/Database/Connection.php(440): PDOStatement->execute()
#1 /home/dfyne/dfyne-lab6/services/promotions/vendor/laravel/framework/src/Illuminate/Database/Connection.php(846): Illuminate\\Database\\Connection->{closure:Illuminate\\Database\\Connection::select():426}('select * from \"...', Array)
#2 /home/dfyne/dfyne-lab6/services/promotions/vendor/laravel/framework/src/Illuminate/Database/Connection.php(813): Illuminate\\Database\\Connection->runQueryCallback('select * from \"...', Array, Object(Closure))
#3 /home/dfyne/dfyne-lab6/services/promotions/vendor/laravel/framework/src/Illuminate/Database/Connection.php(426): Illuminate\\Database\\Connection->run('select * from \"...', Array, Object(Closure))
#4 /home/dfyne/dfyne-lab6/services/promotions/vendor/laravel/framework/src/Illuminate/Database/Query/Builder.php(3573): Illuminate\\Database\\Connection->select('select * from \"...', Array, true, Array)
#5 /home/dfyne/dfyne-lab6/services/promotions/vendor/laravel/framework/src/Illuminate/Database/Query/Builder.php(3557): Illuminate\\Database\\Query\\Builder->runSelect()
#6 /home/dfyne/dfyne-lab6/services/promotions/vendor/laravel/framework/src/Illuminate/Database/Eloquent/Builder.php(908): Illuminate\\Database\\Query\\Builder->get(Array)
#7 /home/dfyne/dfyne-lab6/services/promotions/vendor/laravel/framework/src/Illuminate/Database/Eloquent/Builder.php(890): Illuminate\\Database\\Eloquent\\Builder->getModels(Array)
#8 /home/dfyne/dfyne-lab6/services/promotions/vendor/laravel/framework/src/Illuminate/Database/Concerns/BuildsQueries.php(366): Illuminate\\Database\\Eloquent\\Builder->get(Array)
#9 /home/dfyne/dfyne-lab6/services/promotions/vendor/laravel/framework/src/Illuminate/Database/Eloquent/Builder.php(712): Illuminate\\Database\\Eloquent\\Builder->first()
#10 /home/dfyne/dfyne-lab6/services/promotions/vendor/laravel/framework/src/Illuminate/Database/Eloquent/Builder.php(746): Illuminate\\Database\\Eloquent\\Builder->firstOrCreate(Array, Array)
#11 /home/dfyne/dfyne-lab6/services/promotions/vendor/laravel/framework/src/Illuminate/Support/Traits/ForwardsCalls.php(23): Illuminate\\Database\\Eloquent\\Builder->updateOrCreate(Array, Array)
#12 /home/dfyne/dfyne-lab6/services/promotions/vendor/laravel/framework/src/Illuminate/Database/Eloquent/Model.php(2809): Illuminate\\Database\\Eloquent\\Model->forwardCallTo(Object(Illuminate\\Database\\Eloquent\\Builder), 'updateOrCreate', Array)
#13 /home/dfyne/dfyne-lab6/services/promotions/vendor/laravel/framework/src/Illuminate/Database/Eloquent/Model.php(2825): Illuminate\\Database\\Eloquent\\Model->__call('updateOrCreate', Array)
#14 /home/dfyne/dfyne-lab6/services/promotions/database/seeders/PromotionCodeSeeder.php(16): Illuminate\\Database\\Eloquent\\Model::__callStatic('updateOrCreate', Array)
#15 /home/dfyne/dfyne-lab6/services/promotions/vendor/laravel/framework/src/Illuminate/Container/BoundMethod.php(36): Database\\Seeders\\PromotionCodeSeeder->run()
#16 /home/dfyne/dfyne-lab6/services/promotions/vendor/laravel/framework/src/Illuminate/Container/Util.php(43): Illuminate\\Container\\BoundMethod::{closure:Illuminate\\Container\\BoundMethod::call():35}()
#17 /home/dfyne/dfyne-lab6/services/promotions/vendor/laravel/framework/src/Illuminate/Container/BoundMethod.php(96): Illuminate\\Container\\Util::unwrapIfClosure(Object(Closure))
#18 /home/dfyne/dfyne-lab6/services/promotions/vendor/laravel/framework/src/Illuminate/Container/BoundMethod.php(35): Illuminate\\Container\\BoundMethod::callBoundMethod(Object(Illuminate\\Foundation\\Application), Array, Object(Closure))
#19 /home/dfyne/dfyne-lab6/services/promotions/vendor/laravel/framework/src/Illuminate/Container/Container.php(799): Illuminate\\Container\\BoundMethod::call(Object(Illuminate\\Foundation\\Application), Array, Array, NULL)
#20 /home/dfyne/dfyne-lab6/services/promotions/vendor/laravel/framework/src/Illuminate/Database/Seeder.php(184): Illuminate\\Container\\Container->call(Array, Array)
#21 /home/dfyne/dfyne-lab6/services/promotions/vendor/laravel/framework/src/Illuminate/Database/Seeder.php(191): Illuminate\\Database\\Seeder->{closure:Illuminate\\Database\\Seeder::__invoke():183}()
#22 /home/dfyne/dfyne-lab6/services/promotions/vendor/laravel/framework/src/Illuminate/Database/Seeder.php(59): Illuminate\\Database\\Seeder->__invoke(Array)
#23 /home/dfyne/dfyne-lab6/services/promotions/database/seeders/DatabaseSeeder.php(25): Illuminate\\Database\\Seeder->call('Database\\\\Seeder...')
#24 /home/dfyne/dfyne-lab6/services/promotions/vendor/laravel/framework/src/Illuminate/Container/BoundMethod.php(36): Database\\Seeders\\DatabaseSeeder->run()
#25 /home/dfyne/dfyne-lab6/services/promotions/vendor/laravel/framework/src/Illuminate/Container/Util.php(43): Illuminate\\Container\\BoundMethod::{closure:Illuminate\\Container\\BoundMethod::call():35}()
#26 /home/dfyne/dfyne-lab6/services/promotions/vendor/laravel/framework/src/Illuminate/Container/BoundMethod.php(96): Illuminate\\Container\\Util::unwrapIfClosure(Object(Closure))
#27 /home/dfyne/dfyne-lab6/services/promotions/vendor/laravel/framework/src/Illuminate/Container/BoundMethod.php(35): Illuminate\\Container\\BoundMethod::callBoundMethod(Object(Illuminate\\Foundation\\Application), Array, Object(Closure))
#28 /home/dfyne/dfyne-lab6/services/promotions/vendor/laravel/framework/src/Illuminate/Container/Container.php(799): Illuminate\\Container\\BoundMethod::call(Object(Illuminate\\Foundation\\Application), Array, Array, NULL)
#29 /home/dfyne/dfyne-lab6/services/promotions/vendor/laravel/framework/src/Illuminate/Database/Seeder.php(184): Illuminate\\Container\\Container->call(Array, Array)
#30 /home/dfyne/dfyne-lab6/services/promotions/vendor/laravel/framework/src/Illuminate/Database/Eloquent/Concerns/HasEvents.php(456): Illuminate\\Database\\Seeder->{closure:Illuminate\\Database\\Seeder::__invoke():183}()
#31 /home/dfyne/dfyne-lab6/services/promotions/vendor/laravel/framework/src/Illuminate/Database/Console/Seeds/WithoutModelEvents.php(17): Illuminate\\Database\\Eloquent\\Model::withoutEvents(Object(Closure))
#32 /home/dfyne/dfyne-lab6/services/promotions/vendor/laravel/framework/src/Illuminate/Database/Seeder.php(191): Database\\Seeders\\DatabaseSeeder->{closure:Illuminate\\Database\\Console\\Seeds\\WithoutModelEvents::withoutModelEvents():17}()
#33 /home/dfyne/dfyne-lab6/services/promotions/vendor/laravel/framework/src/Illuminate/Database/Console/Seeds/SeedCommand.php(71): Illuminate\\Database\\Seeder->__invoke()
#34 /home/dfyne/dfyne-lab6/services/promotions/vendor/laravel/framework/src/Illuminate/Database/Eloquent/Concerns/GuardsAttributes.php(185): Illuminate\\Database\\Console\\Seeds\\SeedCommand->{closure:Illuminate\\Database\\Console\\Seeds\\SeedCommand::handle():70}()
#35 /home/dfyne/dfyne-lab6/services/promotions/vendor/laravel/framework/src/Illuminate/Database/Console/Seeds/SeedCommand.php(70): Illuminate\\Database\\Eloquent\\Model::unguarded(Object(Closure))
#36 /home/dfyne/dfyne-lab6/services/promotions/vendor/laravel/framework/src/Illuminate/Container/BoundMethod.php(36): Illuminate\\Database\\Console\\Seeds\\SeedCommand->handle()
#37 /home/dfyne/dfyne-lab6/services/promotions/vendor/laravel/framework/src/Illuminate/Container/Util.php(43): Illuminate\\Container\\BoundMethod::{closure:Illuminate\\Container\\BoundMethod::call():35}()
#38 /home/dfyne/dfyne-lab6/services/promotions/vendor/laravel/framework/src/Illuminate/Container/BoundMethod.php(96): Illuminate\\Container\\Util::unwrapIfClosure(Object(Closure))
#39 /home/dfyne/dfyne-lab6/services/promotions/vendor/laravel/framework/src/Illuminate/Container/BoundMethod.php(35): Illuminate\\Container\\BoundMethod::callBoundMethod(Object(Illuminate\\Foundation\\Application), Array, Object(Closure))
#40 /home/dfyne/dfyne-lab6/services/promotions/vendor/laravel/framework/src/Illuminate/Container/Container.php(799): Illuminate\\Container\\BoundMethod::call(Object(Illuminate\\Foundation\\Application), Array, Array, NULL)
#41 /home/dfyne/dfyne-lab6/services/promotions/vendor/laravel/framework/src/Illuminate/Console/Command.php(280): Illuminate\\Container\\Container->call(Array)
#42 /home/dfyne/dfyne-lab6/services/promotions/vendor/symfony/console/Command/Command.php(284): Illuminate\\Console\\Command->execute(Object(Symfony\\Component\\Console\\Input\\ArrayInput), Object(Illuminate\\Console\\OutputStyle))
#43 /home/dfyne/dfyne-lab6/services/promotions/vendor/laravel/framework/src/Illuminate/Console/Command.php(249): Symfony\\Component\\Console\\Command\\Command->run(Object(Symfony\\Component\\Console\\Input\\ArrayInput), Object(Illuminate\\Console\\OutputStyle))
#44 /home/dfyne/dfyne-lab6/services/promotions/vendor/laravel/framework/src/Illuminate/Console/Concerns/CallsCommands.php(68): Illuminate\\Console\\Command->run(Object(Symfony\\Component\\Console\\Input\\ArrayInput), Object(Illuminate\\Console\\OutputStyle))
#45 /home/dfyne/dfyne-lab6/services/promotions/vendor/laravel/framework/src/Illuminate/Console/Concerns/CallsCommands.php(29): Illuminate\\Console\\Command->runCommand('db:seed', Array, Object(Illuminate\\Console\\OutputStyle))
#46 /home/dfyne/dfyne-lab6/services/promotions/vendor/laravel/framework/src/Illuminate/Database/Console/Migrations/FreshCommand.php(128): Illuminate\\Console\\Command->call('db:seed', Array)
#47 /home/dfyne/dfyne-lab6/services/promotions/vendor/laravel/framework/src/Illuminate/Database/Console/Migrations/FreshCommand.php(104): Illuminate\\Database\\Console\\Migrations\\FreshCommand->runSeeder(NULL)
#48 /home/dfyne/dfyne-lab6/services/promotions/vendor/laravel/framework/src/Illuminate/Container/BoundMethod.php(36): Illuminate\\Database\\Console\\Migrations\\FreshCommand->handle()
#49 /home/dfyne/dfyne-lab6/services/promotions/vendor/laravel/framework/src/Illuminate/Container/Util.php(43): Illuminate\\Container\\BoundMethod::{closure:Illuminate\\Container\\BoundMethod::call():35}()
#50 /home/dfyne/dfyne-lab6/services/promotions/vendor/laravel/framework/src/Illuminate/Container/BoundMethod.php(96): Illuminate\\Container\\Util::unwrapIfClosure(Object(Closure))
#51 /home/dfyne/dfyne-lab6/services/promotions/vendor/laravel/framework/src/Illuminate/Container/BoundMethod.php(35): Illuminate\\Container\\BoundMethod::callBoundMethod(Object(Illuminate\\Foundation\\Application), Array, Object(Closure))
#52 /home/dfyne/dfyne-lab6/services/promotions/vendor/laravel/framework/src/Illuminate/Container/Container.php(799): Illuminate\\Container\\BoundMethod::call(Object(Illuminate\\Foundation\\Application), Array, Array, NULL)
#53 /home/dfyne/dfyne-lab6/services/promotions/vendor/laravel/framework/src/Illuminate/Console/Command.php(280): Illuminate\\Container\\Container->call(Array)
#54 /home/dfyne/dfyne-lab6/services/promotions/vendor/symfony/console/Command/Command.php(284): Illuminate\\Console\\Command->execute(Object(Symfony\\Component\\Console\\Input\\ArgvInput), Object(Illuminate\\Console\\OutputStyle))
#55 /home/dfyne/dfyne-lab6/services/promotions/vendor/laravel/framework/src/Illuminate/Console/Command.php(249): Symfony\\Component\\Console\\Command\\Command->run(Object(Symfony\\Component\\Console\\Input\\ArgvInput), Object(Illuminate\\Console\\OutputStyle))
#56 /home/dfyne/dfyne-lab6/services/promotions/vendor/symfony/console/Application.php(1144): Illuminate\\Console\\Command->run(Object(Symfony\\Component\\Console\\Input\\ArgvInput), Object(Symfony\\Component\\Console\\Output\\ConsoleOutput))
#57 /home/dfyne/dfyne-lab6/services/promotions/vendor/symfony/console/Application.php(379): Symfony\\Component\\Console\\Application->doRunCommand(Object(Illuminate\\Database\\Console\\Migrations\\FreshCommand), Object(Symfony\\Component\\Console\\Input\\ArgvInput), Object(Symfony\\Component\\Console\\Output\\ConsoleOutput))
#58 /home/dfyne/dfyne-lab6/services/promotions/vendor/symfony/console/Application.php(218): Symfony\\Component\\Console\\Application->doRun(Object(Symfony\\Component\\Console\\Input\\ArgvInput), Object(Symfony\\Component\\Console\\Output\\ConsoleOutput))
#59 /home/dfyne/dfyne-lab6/services/promotions/vendor/laravel/framework/src/Illuminate/Foundation/Console/Kernel.php(198): Symfony\\Component\\Console\\Application->run(Object(Symfony\\Component\\Console\\Input\\ArgvInput), Object(Symfony\\Component\\Console\\Output\\ConsoleOutput))
#60 /home/dfyne/dfyne-lab6/services/promotions/vendor/laravel/framework/src/Illuminate/Foundation/Application.php(1235): Illuminate\\Foundation\\Console\\Kernel->handle(Object(Symfony\\Component\\Console\\Input\\ArgvInput), Object(Symfony\\Component\\Console\\Output\\ConsoleOutput))
#61 /home/dfyne/dfyne-lab6/services/promotions/artisan(16): Illuminate\\Foundation\\Application->handleCommand(Object(Symfony\\Component\\Console\\Input\\ArgvInput))
#62 {main}
"} 
[2026-06-29 11:27:23] local.ERROR: SQLSTATE[42P01]: Undefined table: 7 ERROR:  relation "promotion_codes" does not exist
LINE 1: select * from "promotion_codes" where ("code" = $1) limit 1
                      ^ (Connection: pgsql, Host: 127.0.0.1, Port: 5432, Database: laravel_test, SQL: select * from "promotion_codes" where ("code" = WELCOME10) limit 1) {"exception":"[object] (Illuminate\\Database\\QueryException(code: 42P01): SQLSTATE[42P01]: Undefined table: 7 ERROR:  relation \"promotion_codes\" does not exist
LINE 1: select * from \"promotion_codes\" where (\"code\" = $1) limit 1
                      ^ (Connection: pgsql, Host: 127.0.0.1, Port: 5432, Database: laravel_test, SQL: select * from \"promotion_codes\" where (\"code\" = WELCOME10) limit 1) at /home/dfyne/dfyne-lab6/services/promotions/vendor/laravel/framework/src/Illuminate/Database/Connection.php:857)
[stacktrace]
#0 /home/dfyne/dfyne-lab6/services/promotions/vendor/laravel/framework/src/Illuminate/Database/Connection.php(813): Illuminate\\Database\\Connection->runQueryCallback('select * from \"...', Array, Object(Closure))
#1 /home/dfyne/dfyne-lab6/services/promotions/vendor/laravel/framework/src/Illuminate/Database/Connection.php(426): Illuminate\\Database\\Connection->run('select * from \"...', Array, Object(Closure))
#2 /home/dfyne/dfyne-lab6/services/promotions/vendor/laravel/framework/src/Illuminate/Database/Query/Builder.php(3573): Illuminate\\Database\\Connection->select('select * from \"...', Array, true, Array)
#3 /home/dfyne/dfyne-lab6/services/promotions/vendor/laravel/framework/src/Illuminate/Database/Query/Builder.php(3557): Illuminate\\Database\\Query\\Builder->runSelect()
#4 /home/dfyne/dfyne-lab6/services/promotions/vendor/laravel/framework/src/Illuminate/Database/Eloquent/Builder.php(908): Illuminate\\Database\\Query\\Builder->get(Array)
#5 /home/dfyne/dfyne-lab6/services/promotions/vendor/laravel/framework/src/Illuminate/Database/Eloquent/Builder.php(890): Illuminate\\Database\\Eloquent\\Builder->getModels(Array)
#6 /home/dfyne/dfyne-lab6/services/promotions/vendor/laravel/framework/src/Illuminate/Database/Concerns/BuildsQueries.php(366): Illuminate\\Database\\Eloquent\\Builder->get(Array)
#7 /home/dfyne/dfyne-lab6/services/promotions/vendor/laravel/framework/src/Illuminate/Database/Eloquent/Builder.php(712): Illuminate\\Database\\Eloquent\\Builder->first()
#8 /home/dfyne/dfyne-lab6/services/promotions/vendor/laravel/framework/src/Illuminate/Database/Eloquent/Builder.php(746): Illuminate\\Database\\Eloquent\\Builder->firstOrCreate(Array, Array)
#9 /home/dfyne/dfyne-lab6/services/promotions/vendor/laravel/framework/src/Illuminate/Support/Traits/ForwardsCalls.php(23): Illuminate\\Database\\Eloquent\\Builder->updateOrCreate(Array, Array)
#10 /home/dfyne/dfyne-lab6/services/promotions/vendor/laravel/framework/src/Illuminate/Database/Eloquent/Model.php(2809): Illuminate\\Database\\Eloquent\\Model->forwardCallTo(Object(Illuminate\\Database\\Eloquent\\Builder), 'updateOrCreate', Array)
#11 /home/dfyne/dfyne-lab6/services/promotions/vendor/laravel/framework/src/Illuminate/Database/Eloquent/Model.php(2825): Illuminate\\Database\\Eloquent\\Model->__call('updateOrCreate', Array)
#12 /home/dfyne/dfyne-lab6/services/promotions/database/seeders/PromotionCodeSeeder.php(16): Illuminate\\Database\\Eloquent\\Model::__callStatic('updateOrCreate', Array)
#13 /home/dfyne/dfyne-lab6/services/promotions/vendor/laravel/framework/src/Illuminate/Container/BoundMethod.php(36): Database\\Seeders\\PromotionCodeSeeder->run()
#14 /home/dfyne/dfyne-lab6/services/promotions/vendor/laravel/framework/src/Illuminate/Container/Util.php(43): Illuminate\\Container\\BoundMethod::{closure:Illuminate\\Container\\BoundMethod::call():35}()
#15 /home/dfyne/dfyne-lab6/services/promotions/vendor/laravel/framework/src/Illuminate/Container/BoundMethod.php(96): Illuminate\\Container\\Util::unwrapIfClosure(Object(Closure))
#16 /home/dfyne/dfyne-lab6/services/promotions/vendor/laravel/framework/src/Illuminate/Container/BoundMethod.php(35): Illuminate\\Container\\BoundMethod::callBoundMethod(Object(Illuminate\\Foundation\\Application), Array, Object(Closure))
#17 /home/dfyne/dfyne-lab6/services/promotions/vendor/laravel/framework/src/Illuminate/Container/Container.php(799): Illuminate\\Container\\BoundMethod::call(Object(Illuminate\\Foundation\\Application), Array, Array, NULL)
#18 /home/dfyne/dfyne-lab6/services/promotions/vendor/laravel/framework/src/Illuminate/Database/Seeder.php(184): Illuminate\\Container\\Container->call(Array, Array)
#19 /home/dfyne/dfyne-lab6/services/promotions/vendor/laravel/framework/src/Illuminate/Database/Seeder.php(191): Illuminate\\Database\\Seeder->{closure:Illuminate\\Database\\Seeder::__invoke():183}()
#20 /home/dfyne/dfyne-lab6/services/promotions/vendor/laravel/framework/src/Illuminate/Database/Seeder.php(59): Illuminate\\Database\\Seeder->__invoke(Array)
#21 /home/dfyne/dfyne-lab6/services/promotions/database/seeders/DatabaseSeeder.php(25): Illuminate\\Database\\Seeder->call('Database\\\\Seeder...')
#22 /home/dfyne/dfyne-lab6/services/promotions/vendor/laravel/framework/src/Illuminate/Container/BoundMethod.php(36): Database\\Seeders\\DatabaseSeeder->run()
#23 /home/dfyne/dfyne-lab6/services/promotions/vendor/laravel/framework/src/Illuminate/Container/Util.php(43): Illuminate\\Container\\BoundMethod::{closure:Illuminate\\Container\\BoundMethod::call():35}()
#24 /home/dfyne/dfyne-lab6/services/promotions/vendor/laravel/framework/src/Illuminate/Container/BoundMethod.php(96): Illuminate\\Container\\Util::unwrapIfClosure(Object(Closure))
#25 /home/dfyne/dfyne-lab6/services/promotions/vendor/laravel/framework/src/Illuminate/Container/BoundMethod.php(35): Illuminate\\Container\\BoundMethod::callBoundMethod(Object(Illuminate\\Foundation\\Application), Array, Object(Closure))
#26 /home/dfyne/dfyne-lab6/services/promotions/vendor/laravel/framework/src/Illuminate/Container/Container.php(799): Illuminate\\Container\\BoundMethod::call(Object(Illuminate\\Foundation\\Application), Array, Array, NULL)
#27 /home/dfyne/dfyne-lab6/services/promotions/vendor/laravel/framework/src/Illuminate/Database/Seeder.php(184): Illuminate\\Container\\Container->call(Array, Array)
#28 /home/dfyne/dfyne-lab6/services/promotions/vendor/laravel/framework/src/Illuminate/Database/Eloquent/Concerns/HasEvents.php(456): Illuminate\\Database\\Seeder->{closure:Illuminate\\Database\\Seeder::__invoke():183}()
#29 /home/dfyne/dfyne-lab6/services/promotions/vendor/laravel/framework/src/Illuminate/Database/Console/Seeds/WithoutModelEvents.php(17): Illuminate\\Database\\Eloquent\\Model::withoutEvents(Object(Closure))
#30 /home/dfyne/dfyne-lab6/services/promotions/vendor/laravel/framework/src/Illuminate/Database/Seeder.php(191): Database\\Seeders\\DatabaseSeeder->{closure:Illuminate\\Database\\Console\\Seeds\\WithoutModelEvents::withoutModelEvents():17}()
#31 /home/dfyne/dfyne-lab6/services/promotions/vendor/laravel/framework/src/Illuminate/Database/Console/Seeds/SeedCommand.php(71): Illuminate\\Database\\Seeder->__invoke()
#32 /home/dfyne/dfyne-lab6/services/promotions/vendor/laravel/framework/src/Illuminate/Database/Eloquent/Concerns/GuardsAttributes.php(185): Illuminate\\Database\\Console\\Seeds\\SeedCommand->{closure:Illuminate\\Database\\Console\\Seeds\\SeedCommand::handle():70}()
#33 /home/dfyne/dfyne-lab6/services/promotions/vendor/laravel/framework/src/Illuminate/Database/Console/Seeds/SeedCommand.php(70): Illuminate\\Database\\Eloquent\\Model::unguarded(Object(Closure))
#34 /home/dfyne/dfyne-lab6/services/promotions/vendor/laravel/framework/src/Illuminate/Container/BoundMethod.php(36): Illuminate\\Database\\Console\\Seeds\\SeedCommand->handle()
#35 /home/dfyne/dfyne-lab6/services/promotions/vendor/laravel/framework/src/Illuminate/Container/Util.php(43): Illuminate\\Container\\BoundMethod::{closure:Illuminate\\Container\\BoundMethod::call():35}()
#36 /home/dfyne/dfyne-lab6/services/promotions/vendor/laravel/framework/src/Illuminate/Container/BoundMethod.php(96): Illuminate\\Container\\Util::unwrapIfClosure(Object(Closure))
#37 /home/dfyne/dfyne-lab6/services/promotions/vendor/laravel/framework/src/Illuminate/Container/BoundMethod.php(35): Illuminate\\Container\\BoundMethod::callBoundMethod(Object(Illuminate\\Foundation\\Application), Array, Object(Closure))
#38 /home/dfyne/dfyne-lab6/services/promotions/vendor/laravel/framework/src/Illuminate/Container/Container.php(799): Illuminate\\Container\\BoundMethod::call(Object(Illuminate\\Foundation\\Application), Array, Array, NULL)
#39 /home/dfyne/dfyne-lab6/services/promotions/vendor/laravel/framework/src/Illuminate/Console/Command.php(280): Illuminate\\Container\\Container->call(Array)
#40 /home/dfyne/dfyne-lab6/services/promotions/vendor/symfony/console/Command/Command.php(284): Illuminate\\Console\\Command->execute(Object(Symfony\\Component\\Console\\Input\\ArrayInput), Object(Illuminate\\Console\\OutputStyle))
#41 /home/dfyne/dfyne-lab6/services/promotions/vendor/laravel/framework/src/Illuminate/Console/Command.php(249): Symfony\\Component\\Console\\Command\\Command->run(Object(Symfony\\Component\\Console\\Input\\ArrayInput), Object(Illuminate\\Console\\OutputStyle))
#42 /home/dfyne/dfyne-lab6/services/promotions/vendor/laravel/framework/src/Illuminate/Console/Concerns/CallsCommands.php(68): Illuminate\\Console\\Command->run(Object(Symfony\\Component\\Console\\Input\\ArrayInput), Object(Illuminate\\Console\\OutputStyle))
#43 /home/dfyne/dfyne-lab6/services/promotions/vendor/laravel/framework/src/Illuminate/Console/Concerns/CallsCommands.php(29): Illuminate\\Console\\Command->runCommand('db:seed', Array, Object(Illuminate\\Console\\OutputStyle))
#44 /home/dfyne/dfyne-lab6/services/promotions/vendor/laravel/framework/src/Illuminate/Database/Console/Migrations/FreshCommand.php(128): Illuminate\\Console\\Command->call('db:seed', Array)
#45 /home/dfyne/dfyne-lab6/services/promotions/vendor/laravel/framework/src/Illuminate/Database/Console/Migrations/FreshCommand.php(104): Illuminate\\Database\\Console\\Migrations\\FreshCommand->runSeeder(NULL)
#46 /home/dfyne/dfyne-lab6/services/promotions/vendor/laravel/framework/src/Illuminate/Container/BoundMethod.php(36): Illuminate\\Database\\Console\\Migrations\\FreshCommand->handle()
#47 /home/dfyne/dfyne-lab6/services/promotions/vendor/laravel/framework/src/Illuminate/Container/Util.php(43): Illuminate\\Container\\BoundMethod::{closure:Illuminate\\Container\\BoundMethod::call():35}()
#48 /home/dfyne/dfyne-lab6/services/promotions/vendor/laravel/framework/src/Illuminate/Container/BoundMethod.php(96): Illuminate\\Container\\Util::unwrapIfClosure(Object(Closure))
#49 /home/dfyne/dfyne-lab6/services/promotions/vendor/laravel/framework/src/Illuminate/Container/BoundMethod.php(35): Illuminate\\Container\\BoundMethod::callBoundMethod(Object(Illuminate\\Foundation\\Application), Array, Object(Closure))
#50 /home/dfyne/dfyne-lab6/services/promotions/vendor/laravel/framework/src/Illuminate/Container/Container.php(799): Illuminate\\Container\\BoundMethod::call(Object(Illuminate\\Foundation\\Application), Array, Array, NULL)
#51 /home/dfyne/dfyne-lab6/services/promotions/vendor/laravel/framework/src/Illuminate/Console/Command.php(280): Illuminate\\Container\\Container->call(Array)
#52 /home/dfyne/dfyne-lab6/services/promotions/vendor/symfony/console/Command/Command.php(284): Illuminate\\Console\\Command->execute(Object(Symfony\\Component\\Console\\Input\\ArgvInput), Object(Illuminate\\Console\\OutputStyle))
#53 /home/dfyne/dfyne-lab6/services/promotions/vendor/laravel/framework/src/Illuminate/Console/Command.php(249): Symfony\\Component\\Console\\Command\\Command->run(Object(Symfony\\Component\\Console\\Input\\ArgvInput), Object(Illuminate\\Console\\OutputStyle))
#54 /home/dfyne/dfyne-lab6/services/promotions/vendor/symfony/console/Application.php(1144): Illuminate\\Console\\Command->run(Object(Symfony\\Component\\Console\\Input\\ArgvInput), Object(Symfony\\Component\\Console\\Output\\ConsoleOutput))
#55 /home/dfyne/dfyne-lab6/services/promotions/vendor/symfony/console/Application.php(379): Symfony\\Component\\Console\\Application->doRunCommand(Object(Illuminate\\Database\\Console\\Migrations\\FreshCommand), Object(Symfony\\Component\\Console\\Input\\ArgvInput), Object(Symfony\\Component\\Console\\Output\\ConsoleOutput))
#56 /home/dfyne/dfyne-lab6/services/promotions/vendor/symfony/console/Application.php(218): Symfony\\Component\\Console\\Application->doRun(Object(Symfony\\Component\\Console\\Input\\ArgvInput), Object(Symfony\\Component\\Console\\Output\\ConsoleOutput))
#57 /home/dfyne/dfyne-lab6/services/promotions/vendor/laravel/framework/src/Illuminate/Foundation/Console/Kernel.php(198): Symfony\\Component\\Console\\Application->run(Object(Symfony\\Component\\Console\\Input\\ArgvInput), Object(Symfony\\Component\\Console\\Output\\ConsoleOutput))
#58 /home/dfyne/dfyne-lab6/services/promotions/vendor/laravel/framework/src/Illuminate/Foundation/Application.php(1235): Illuminate\\Foundation\\Console\\Kernel->handle(Object(Symfony\\Component\\Console\\Input\\ArgvInput), Object(Symfony\\Component\\Console\\Output\\ConsoleOutput))
#59 /home/dfyne/dfyne-lab6/services/promotions/artisan(16): Illuminate\\Foundation\\Application->handleCommand(Object(Symfony\\Component\\Console\\Input\\ArgvInput))
#60 {main}

[previous exception] [object] (PDOException(code: 42P01): SQLSTATE[42P01]: Undefined table: 7 ERROR:  relation \"promotion_codes\" does not exist
LINE 1: select * from \"promotion_codes\" where (\"code\" = $1) limit 1
                      ^ at /home/dfyne/dfyne-lab6/services/promotions/vendor/laravel/framework/src/Illuminate/Database/Connection.php:440)
[stacktrace]
#0 /home/dfyne/dfyne-lab6/services/promotions/vendor/laravel/framework/src/Illuminate/Database/Connection.php(440): PDOStatement->execute()
#1 /home/dfyne/dfyne-lab6/services/promotions/vendor/laravel/framework/src/Illuminate/Database/Connection.php(846): Illuminate\\Database\\Connection->{closure:Illuminate\\Database\\Connection::select():426}('select * from \"...', Array)
#2 /home/dfyne/dfyne-lab6/services/promotions/vendor/laravel/framework/src/Illuminate/Database/Connection.php(813): Illuminate\\Database\\Connection->runQueryCallback('select * from \"...', Array, Object(Closure))
#3 /home/dfyne/dfyne-lab6/services/promotions/vendor/laravel/framework/src/Illuminate/Database/Connection.php(426): Illuminate\\Database\\Connection->run('select * from \"...', Array, Object(Closure))
#4 /home/dfyne/dfyne-lab6/services/promotions/vendor/laravel/framework/src/Illuminate/Database/Query/Builder.php(3573): Illuminate\\Database\\Connection->select('select * from \"...', Array, true, Array)
#5 /home/dfyne/dfyne-lab6/services/promotions/vendor/laravel/framework/src/Illuminate/Database/Query/Builder.php(3557): Illuminate\\Database\\Query\\Builder->runSelect()
#6 /home/dfyne/dfyne-lab6/services/promotions/vendor/laravel/framework/src/Illuminate/Database/Eloquent/Builder.php(908): Illuminate\\Database\\Query\\Builder->get(Array)
#7 /home/dfyne/dfyne-lab6/services/promotions/vendor/laravel/framework/src/Illuminate/Database/Eloquent/Builder.php(890): Illuminate\\Database\\Eloquent\\Builder->getModels(Array)
#8 /home/dfyne/dfyne-lab6/services/promotions/vendor/laravel/framework/src/Illuminate/Database/Concerns/BuildsQueries.php(366): Illuminate\\Database\\Eloquent\\Builder->get(Array)
#9 /home/dfyne/dfyne-lab6/services/promotions/vendor/laravel/framework/src/Illuminate/Database/Eloquent/Builder.php(712): Illuminate\\Database\\Eloquent\\Builder->first()
#10 /home/dfyne/dfyne-lab6/services/promotions/vendor/laravel/framework/src/Illuminate/Database/Eloquent/Builder.php(746): Illuminate\\Database\\Eloquent\\Builder->firstOrCreate(Array, Array)
#11 /home/dfyne/dfyne-lab6/services/promotions/vendor/laravel/framework/src/Illuminate/Support/Traits/ForwardsCalls.php(23): Illuminate\\Database\\Eloquent\\Builder->updateOrCreate(Array, Array)
#12 /home/dfyne/dfyne-lab6/services/promotions/vendor/laravel/framework/src/Illuminate/Database/Eloquent/Model.php(2809): Illuminate\\Database\\Eloquent\\Model->forwardCallTo(Object(Illuminate\\Database\\Eloquent\\Builder), 'updateOrCreate', Array)
#13 /home/dfyne/dfyne-lab6/services/promotions/vendor/laravel/framework/src/Illuminate/Database/Eloquent/Model.php(2825): Illuminate\\Database\\Eloquent\\Model->__call('updateOrCreate', Array)
#14 /home/dfyne/dfyne-lab6/services/promotions/database/seeders/PromotionCodeSeeder.php(16): Illuminate\\Database\\Eloquent\\Model::__callStatic('updateOrCreate', Array)
#15 /home/dfyne/dfyne-lab6/services/promotions/vendor/laravel/framework/src/Illuminate/Container/BoundMethod.php(36): Database\\Seeders\\PromotionCodeSeeder->run()
#16 /home/dfyne/dfyne-lab6/services/promotions/vendor/laravel/framework/src/Illuminate/Container/Util.php(43): Illuminate\\Container\\BoundMethod::{closure:Illuminate\\Container\\BoundMethod::call():35}()
#17 /home/dfyne/dfyne-lab6/services/promotions/vendor/laravel/framework/src/Illuminate/Container/BoundMethod.php(96): Illuminate\\Container\\Util::unwrapIfClosure(Object(Closure))
#18 /home/dfyne/dfyne-lab6/services/promotions/vendor/laravel/framework/src/Illuminate/Container/BoundMethod.php(35): Illuminate\\Container\\BoundMethod::callBoundMethod(Object(Illuminate\\Foundation\\Application), Array, Object(Closure))
#19 /home/dfyne/dfyne-lab6/services/promotions/vendor/laravel/framework/src/Illuminate/Container/Container.php(799): Illuminate\\Container\\BoundMethod::call(Object(Illuminate\\Foundation\\Application), Array, Array, NULL)
#20 /home/dfyne/dfyne-lab6/services/promotions/vendor/laravel/framework/src/Illuminate/Database/Seeder.php(184): Illuminate\\Container\\Container->call(Array, Array)
#21 /home/dfyne/dfyne-lab6/services/promotions/vendor/laravel/framework/src/Illuminate/Database/Seeder.php(191): Illuminate\\Database\\Seeder->{closure:Illuminate\\Database\\Seeder::__invoke():183}()
#22 /home/dfyne/dfyne-lab6/services/promotions/vendor/laravel/framework/src/Illuminate/Database/Seeder.php(59): Illuminate\\Database\\Seeder->__invoke(Array)
#23 /home/dfyne/dfyne-lab6/services/promotions/database/seeders/DatabaseSeeder.php(25): Illuminate\\Database\\Seeder->call('Database\\\\Seeder...')
#24 /home/dfyne/dfyne-lab6/services/promotions/vendor/laravel/framework/src/Illuminate/Container/BoundMethod.php(36): Database\\Seeders\\DatabaseSeeder->run()
#25 /home/dfyne/dfyne-lab6/services/promotions/vendor/laravel/framework/src/Illuminate/Container/Util.php(43): Illuminate\\Container\\BoundMethod::{closure:Illuminate\\Container\\BoundMethod::call():35}()
#26 /home/dfyne/dfyne-lab6/services/promotions/vendor/laravel/framework/src/Illuminate/Container/BoundMethod.php(96): Illuminate\\Container\\Util::unwrapIfClosure(Object(Closure))
#27 /home/dfyne/dfyne-lab6/services/promotions/vendor/laravel/framework/src/Illuminate/Container/BoundMethod.php(35): Illuminate\\Container\\BoundMethod::callBoundMethod(Object(Illuminate\\Foundation\\Application), Array, Object(Closure))
#28 /home/dfyne/dfyne-lab6/services/promotions/vendor/laravel/framework/src/Illuminate/Container/Container.php(799): Illuminate\\Container\\BoundMethod::call(Object(Illuminate\\Foundation\\Application), Array, Array, NULL)
#29 /home/dfyne/dfyne-lab6/services/promotions/vendor/laravel/framework/src/Illuminate/Database/Seeder.php(184): Illuminate\\Container\\Container->call(Array, Array)
#30 /home/dfyne/dfyne-lab6/services/promotions/vendor/laravel/framework/src/Illuminate/Database/Eloquent/Concerns/HasEvents.php(456): Illuminate\\Database\\Seeder->{closure:Illuminate\\Database\\Seeder::__invoke():183}()
#31 /home/dfyne/dfyne-lab6/services/promotions/vendor/laravel/framework/src/Illuminate/Database/Console/Seeds/WithoutModelEvents.php(17): Illuminate\\Database\\Eloquent\\Model::withoutEvents(Object(Closure))
#32 /home/dfyne/dfyne-lab6/services/promotions/vendor/laravel/framework/src/Illuminate/Database/Seeder.php(191): Database\\Seeders\\DatabaseSeeder->{closure:Illuminate\\Database\\Console\\Seeds\\WithoutModelEvents::withoutModelEvents():17}()
#33 /home/dfyne/dfyne-lab6/services/promotions/vendor/laravel/framework/src/Illuminate/Database/Console/Seeds/SeedCommand.php(71): Illuminate\\Database\\Seeder->__invoke()
#34 /home/dfyne/dfyne-lab6/services/promotions/vendor/laravel/framework/src/Illuminate/Database/Eloquent/Concerns/GuardsAttributes.php(185): Illuminate\\Database\\Console\\Seeds\\SeedCommand->{closure:Illuminate\\Database\\Console\\Seeds\\SeedCommand::handle():70}()
#35 /home/dfyne/dfyne-lab6/services/promotions/vendor/laravel/framework/src/Illuminate/Database/Console/Seeds/SeedCommand.php(70): Illuminate\\Database\\Eloquent\\Model::unguarded(Object(Closure))
#36 /home/dfyne/dfyne-lab6/services/promotions/vendor/laravel/framework/src/Illuminate/Container/BoundMethod.php(36): Illuminate\\Database\\Console\\Seeds\\SeedCommand->handle()
#37 /home/dfyne/dfyne-lab6/services/promotions/vendor/laravel/framework/src/Illuminate/Container/Util.php(43): Illuminate\\Container\\BoundMethod::{closure:Illuminate\\Container\\BoundMethod::call():35}()
#38 /home/dfyne/dfyne-lab6/services/promotions/vendor/laravel/framework/src/Illuminate/Container/BoundMethod.php(96): Illuminate\\Container\\Util::unwrapIfClosure(Object(Closure))
#39 /home/dfyne/dfyne-lab6/services/promotions/vendor/laravel/framework/src/Illuminate/Container/BoundMethod.php(35): Illuminate\\Container\\BoundMethod::callBoundMethod(Object(Illuminate\\Foundation\\Application), Array, Object(Closure))
#40 /home/dfyne/dfyne-lab6/services/promotions/vendor/laravel/framework/src/Illuminate/Container/Container.php(799): Illuminate\\Container\\BoundMethod::call(Object(Illuminate\\Foundation\\Application), Array, Array, NULL)
#41 /home/dfyne/dfyne-lab6/services/promotions/vendor/laravel/framework/src/Illuminate/Console/Command.php(280): Illuminate\\Container\\Container->call(Array)
#42 /home/dfyne/dfyne-lab6/services/promotions/vendor/symfony/console/Command/Command.php(284): Illuminate\\Console\\Command->execute(Object(Symfony\\Component\\Console\\Input\\ArrayInput), Object(Illuminate\\Console\\OutputStyle))
#43 /home/dfyne/dfyne-lab6/services/promotions/vendor/laravel/framework/src/Illuminate/Console/Command.php(249): Symfony\\Component\\Console\\Command\\Command->run(Object(Symfony\\Component\\Console\\Input\\ArrayInput), Object(Illuminate\\Console\\OutputStyle))
#44 /home/dfyne/dfyne-lab6/services/promotions/vendor/laravel/framework/src/Illuminate/Console/Concerns/CallsCommands.php(68): Illuminate\\Console\\Command->run(Object(Symfony\\Component\\Console\\Input\\ArrayInput), Object(Illuminate\\Console\\OutputStyle))
#45 /home/dfyne/dfyne-lab6/services/promotions/vendor/laravel/framework/src/Illuminate/Console/Concerns/CallsCommands.php(29): Illuminate\\Console\\Command->runCommand('db:seed', Array, Object(Illuminate\\Console\\OutputStyle))
#46 /home/dfyne/dfyne-lab6/services/promotions/vendor/laravel/framework/src/Illuminate/Database/Console/Migrations/FreshCommand.php(128): Illuminate\\Console\\Command->call('db:seed', Array)
#47 /home/dfyne/dfyne-lab6/services/promotions/vendor/laravel/framework/src/Illuminate/Database/Console/Migrations/FreshCommand.php(104): Illuminate\\Database\\Console\\Migrations\\FreshCommand->runSeeder(NULL)
#48 /home/dfyne/dfyne-lab6/services/promotions/vendor/laravel/framework/src/Illuminate/Container/BoundMethod.php(36): Illuminate\\Database\\Console\\Migrations\\FreshCommand->handle()
#49 /home/dfyne/dfyne-lab6/services/promotions/vendor/laravel/framework/src/Illuminate/Container/Util.php(43): Illuminate\\Container\\BoundMethod::{closure:Illuminate\\Container\\BoundMethod::call():35}()
#50 /home/dfyne/dfyne-lab6/services/promotions/vendor/laravel/framework/src/Illuminate/Container/BoundMethod.php(96): Illuminate\\Container\\Util::unwrapIfClosure(Object(Closure))
#51 /home/dfyne/dfyne-lab6/services/promotions/vendor/laravel/framework/src/Illuminate/Container/BoundMethod.php(35): Illuminate\\Container\\BoundMethod::callBoundMethod(Object(Illuminate\\Foundation\\Application), Array, Object(Closure))
#52 /home/dfyne/dfyne-lab6/services/promotions/vendor/laravel/framework/src/Illuminate/Container/Container.php(799): Illuminate\\Container\\BoundMethod::call(Object(Illuminate\\Foundation\\Application), Array, Array, NULL)
#53 /home/dfyne/dfyne-lab6/services/promotions/vendor/laravel/framework/src/Illuminate/Console/Command.php(280): Illuminate\\Container\\Container->call(Array)
#54 /home/dfyne/dfyne-lab6/services/promotions/vendor/symfony/console/Command/Command.php(284): Illuminate\\Console\\Command->execute(Object(Symfony\\Component\\Console\\Input\\ArgvInput), Object(Illuminate\\Console\\OutputStyle))
#55 /home/dfyne/dfyne-lab6/services/promotions/vendor/laravel/framework/src/Illuminate/Console/Command.php(249): Symfony\\Component\\Console\\Command\\Command->run(Object(Symfony\\Component\\Console\\Input\\ArgvInput), Object(Illuminate\\Console\\OutputStyle))
#56 /home/dfyne/dfyne-lab6/services/promotions/vendor/symfony/console/Application.php(1144): Illuminate\\Console\\Command->run(Object(Symfony\\Component\\Console\\Input\\ArgvInput), Object(Symfony\\Component\\Console\\Output\\ConsoleOutput))
#57 /home/dfyne/dfyne-lab6/services/promotions/vendor/symfony/console/Application.php(379): Symfony\\Component\\Console\\Application->doRunCommand(Object(Illuminate\\Database\\Console\\Migrations\\FreshCommand), Object(Symfony\\Component\\Console\\Input\\ArgvInput), Object(Symfony\\Component\\Console\\Output\\ConsoleOutput))
#58 /home/dfyne/dfyne-lab6/services/promotions/vendor/symfony/console/Application.php(218): Symfony\\Component\\Console\\Application->doRun(Object(Symfony\\Component\\Console\\Input\\ArgvInput), Object(Symfony\\Component\\Console\\Output\\ConsoleOutput))
#59 /home/dfyne/dfyne-lab6/services/promotions/vendor/laravel/framework/src/Illuminate/Foundation/Console/Kernel.php(198): Symfony\\Component\\Console\\Application->run(Object(Symfony\\Component\\Console\\Input\\ArgvInput), Object(Symfony\\Component\\Console\\Output\\ConsoleOutput))
#60 /home/dfyne/dfyne-lab6/services/promotions/vendor/laravel/framework/src/Illuminate/Foundation/Application.php(1235): Illuminate\\Foundation\\Console\\Kernel->handle(Object(Symfony\\Component\\Console\\Input\\ArgvInput), Object(Symfony\\Component\\Console\\Output\\ConsoleOutput))
#61 /home/dfyne/dfyne-lab6/services/promotions/artisan(16): Illuminate\\Foundation\\Application->handleCommand(Object(Symfony\\Component\\Console\\Input\\ArgvInput))
#62 {main}
"} 
[2026-06-29 11:31:05] local.ERROR: SQLSTATE[42703]: Undefined column: 7 ERROR:  column "code" does not exist
LINE 1: select * from "promotion_codes" where ("code" = $1) limit 1
                                               ^ (Connection: pgsql, Host: 127.0.0.1, Port: 5432, Database: laravel_test, SQL: select * from "promotion_codes" where ("code" = WELCOME10) limit 1) {"exception":"[object] (Illuminate\\Database\\QueryException(code: 42703): SQLSTATE[42703]: Undefined column: 7 ERROR:  column \"code\" does not exist
LINE 1: select * from \"promotion_codes\" where (\"code\" = $1) limit 1
                                               ^ (Connection: pgsql, Host: 127.0.0.1, Port: 5432, Database: laravel_test, SQL: select * from \"promotion_codes\" where (\"code\" = WELCOME10) limit 1) at /home/dfyne/dfyne-lab6/services/promotions/vendor/laravel/framework/src/Illuminate/Database/Connection.php:857)
[stacktrace]
#0 /home/dfyne/dfyne-lab6/services/promotions/vendor/laravel/framework/src/Illuminate/Database/Connection.php(813): Illuminate\\Database\\Connection->runQueryCallback('select * from \"...', Array, Object(Closure))
#1 /home/dfyne/dfyne-lab6/services/promotions/vendor/laravel/framework/src/Illuminate/Database/Connection.php(426): Illuminate\\Database\\Connection->run('select * from \"...', Array, Object(Closure))
#2 /home/dfyne/dfyne-lab6/services/promotions/vendor/laravel/framework/src/Illuminate/Database/Query/Builder.php(3573): Illuminate\\Database\\Connection->select('select * from \"...', Array, true, Array)
#3 /home/dfyne/dfyne-lab6/services/promotions/vendor/laravel/framework/src/Illuminate/Database/Query/Builder.php(3557): Illuminate\\Database\\Query\\Builder->runSelect()
#4 /home/dfyne/dfyne-lab6/services/promotions/vendor/laravel/framework/src/Illuminate/Database/Eloquent/Builder.php(908): Illuminate\\Database\\Query\\Builder->get(Array)
#5 /home/dfyne/dfyne-lab6/services/promotions/vendor/laravel/framework/src/Illuminate/Database/Eloquent/Builder.php(890): Illuminate\\Database\\Eloquent\\Builder->getModels(Array)
#6 /home/dfyne/dfyne-lab6/services/promotions/vendor/laravel/framework/src/Illuminate/Database/Concerns/BuildsQueries.php(366): Illuminate\\Database\\Eloquent\\Builder->get(Array)
#7 /home/dfyne/dfyne-lab6/services/promotions/vendor/laravel/framework/src/Illuminate/Database/Eloquent/Builder.php(712): Illuminate\\Database\\Eloquent\\Builder->first()
#8 /home/dfyne/dfyne-lab6/services/promotions/vendor/laravel/framework/src/Illuminate/Database/Eloquent/Builder.php(746): Illuminate\\Database\\Eloquent\\Builder->firstOrCreate(Array, Array)
#9 /home/dfyne/dfyne-lab6/services/promotions/vendor/laravel/framework/src/Illuminate/Support/Traits/ForwardsCalls.php(23): Illuminate\\Database\\Eloquent\\Builder->updateOrCreate(Array, Array)
#10 /home/dfyne/dfyne-lab6/services/promotions/vendor/laravel/framework/src/Illuminate/Database/Eloquent/Model.php(2809): Illuminate\\Database\\Eloquent\\Model->forwardCallTo(Object(Illuminate\\Database\\Eloquent\\Builder), 'updateOrCreate', Array)
#11 /home/dfyne/dfyne-lab6/services/promotions/vendor/laravel/framework/src/Illuminate/Database/Eloquent/Model.php(2825): Illuminate\\Database\\Eloquent\\Model->__call('updateOrCreate', Array)
#12 /home/dfyne/dfyne-lab6/services/promotions/database/seeders/PromotionCodeSeeder.php(16): Illuminate\\Database\\Eloquent\\Model::__callStatic('updateOrCreate', Array)
#13 /home/dfyne/dfyne-lab6/services/promotions/vendor/laravel/framework/src/Illuminate/Container/BoundMethod.php(36): Database\\Seeders\\PromotionCodeSeeder->run()
#14 /home/dfyne/dfyne-lab6/services/promotions/vendor/laravel/framework/src/Illuminate/Container/Util.php(43): Illuminate\\Container\\BoundMethod::{closure:Illuminate\\Container\\BoundMethod::call():35}()
#15 /home/dfyne/dfyne-lab6/services/promotions/vendor/laravel/framework/src/Illuminate/Container/BoundMethod.php(96): Illuminate\\Container\\Util::unwrapIfClosure(Object(Closure))
#16 /home/dfyne/dfyne-lab6/services/promotions/vendor/laravel/framework/src/Illuminate/Container/BoundMethod.php(35): Illuminate\\Container\\BoundMethod::callBoundMethod(Object(Illuminate\\Foundation\\Application), Array, Object(Closure))
#17 /home/dfyne/dfyne-lab6/services/promotions/vendor/laravel/framework/src/Illuminate/Container/Container.php(799): Illuminate\\Container\\BoundMethod::call(Object(Illuminate\\Foundation\\Application), Array, Array, NULL)
#18 /home/dfyne/dfyne-lab6/services/promotions/vendor/laravel/framework/src/Illuminate/Database/Seeder.php(184): Illuminate\\Container\\Container->call(Array, Array)
#19 /home/dfyne/dfyne-lab6/services/promotions/vendor/laravel/framework/src/Illuminate/Database/Seeder.php(191): Illuminate\\Database\\Seeder->{closure:Illuminate\\Database\\Seeder::__invoke():183}()
#20 /home/dfyne/dfyne-lab6/services/promotions/vendor/laravel/framework/src/Illuminate/Database/Seeder.php(59): Illuminate\\Database\\Seeder->__invoke(Array)
#21 /home/dfyne/dfyne-lab6/services/promotions/database/seeders/DatabaseSeeder.php(25): Illuminate\\Database\\Seeder->call('Database\\\\Seeder...')
#22 /home/dfyne/dfyne-lab6/services/promotions/vendor/laravel/framework/src/Illuminate/Container/BoundMethod.php(36): Database\\Seeders\\DatabaseSeeder->run()
#23 /home/dfyne/dfyne-lab6/services/promotions/vendor/laravel/framework/src/Illuminate/Container/Util.php(43): Illuminate\\Container\\BoundMethod::{closure:Illuminate\\Container\\BoundMethod::call():35}()
#24 /home/dfyne/dfyne-lab6/services/promotions/vendor/laravel/framework/src/Illuminate/Container/BoundMethod.php(96): Illuminate\\Container\\Util::unwrapIfClosure(Object(Closure))
#25 /home/dfyne/dfyne-lab6/services/promotions/vendor/laravel/framework/src/Illuminate/Container/BoundMethod.php(35): Illuminate\\Container\\BoundMethod::callBoundMethod(Object(Illuminate\\Foundation\\Application), Array, Object(Closure))
#26 /home/dfyne/dfyne-lab6/services/promotions/vendor/laravel/framework/src/Illuminate/Container/Container.php(799): Illuminate\\Container\\BoundMethod::call(Object(Illuminate\\Foundation\\Application), Array, Array, NULL)
#27 /home/dfyne/dfyne-lab6/services/promotions/vendor/laravel/framework/src/Illuminate/Database/Seeder.php(184): Illuminate\\Container\\Container->call(Array, Array)
#28 /home/dfyne/dfyne-lab6/services/promotions/vendor/laravel/framework/src/Illuminate/Database/Eloquent/Concerns/HasEvents.php(456): Illuminate\\Database\\Seeder->{closure:Illuminate\\Database\\Seeder::__invoke():183}()
#29 /home/dfyne/dfyne-lab6/services/promotions/vendor/laravel/framework/src/Illuminate/Database/Console/Seeds/WithoutModelEvents.php(17): Illuminate\\Database\\Eloquent\\Model::withoutEvents(Object(Closure))
#30 /home/dfyne/dfyne-lab6/services/promotions/vendor/laravel/framework/src/Illuminate/Database/Seeder.php(191): Database\\Seeders\\DatabaseSeeder->{closure:Illuminate\\Database\\Console\\Seeds\\WithoutModelEvents::withoutModelEvents():17}()
#31 /home/dfyne/dfyne-lab6/services/promotions/vendor/laravel/framework/src/Illuminate/Database/Console/Seeds/SeedCommand.php(71): Illuminate\\Database\\Seeder->__invoke()
#32 /home/dfyne/dfyne-lab6/services/promotions/vendor/laravel/framework/src/Illuminate/Database/Eloquent/Concerns/GuardsAttributes.php(185): Illuminate\\Database\\Console\\Seeds\\SeedCommand->{closure:Illuminate\\Database\\Console\\Seeds\\SeedCommand::handle():70}()
#33 /home/dfyne/dfyne-lab6/services/promotions/vendor/laravel/framework/src/Illuminate/Database/Console/Seeds/SeedCommand.php(70): Illuminate\\Database\\Eloquent\\Model::unguarded(Object(Closure))
#34 /home/dfyne/dfyne-lab6/services/promotions/vendor/laravel/framework/src/Illuminate/Container/BoundMethod.php(36): Illuminate\\Database\\Console\\Seeds\\SeedCommand->handle()
#35 /home/dfyne/dfyne-lab6/services/promotions/vendor/laravel/framework/src/Illuminate/Container/Util.php(43): Illuminate\\Container\\BoundMethod::{closure:Illuminate\\Container\\BoundMethod::call():35}()
#36 /home/dfyne/dfyne-lab6/services/promotions/vendor/laravel/framework/src/Illuminate/Container/BoundMethod.php(96): Illuminate\\Container\\Util::unwrapIfClosure(Object(Closure))
#37 /home/dfyne/dfyne-lab6/services/promotions/vendor/laravel/framework/src/Illuminate/Container/BoundMethod.php(35): Illuminate\\Container\\BoundMethod::callBoundMethod(Object(Illuminate\\Foundation\\Application), Array, Object(Closure))
#38 /home/dfyne/dfyne-lab6/services/promotions/vendor/laravel/framework/src/Illuminate/Container/Container.php(799): Illuminate\\Container\\BoundMethod::call(Object(Illuminate\\Foundation\\Application), Array, Array, NULL)
#39 /home/dfyne/dfyne-lab6/services/promotions/vendor/laravel/framework/src/Illuminate/Console/Command.php(280): Illuminate\\Container\\Container->call(Array)
#40 /home/dfyne/dfyne-lab6/services/promotions/vendor/symfony/console/Command/Command.php(284): Illuminate\\Console\\Command->execute(Object(Symfony\\Component\\Console\\Input\\ArrayInput), Object(Illuminate\\Console\\OutputStyle))
#41 /home/dfyne/dfyne-lab6/services/promotions/vendor/laravel/framework/src/Illuminate/Console/Command.php(249): Symfony\\Component\\Console\\Command\\Command->run(Object(Symfony\\Component\\Console\\Input\\ArrayInput), Object(Illuminate\\Console\\OutputStyle))
#42 /home/dfyne/dfyne-lab6/services/promotions/vendor/laravel/framework/src/Illuminate/Console/Concerns/CallsCommands.php(68): Illuminate\\Console\\Command->run(Object(Symfony\\Component\\Console\\Input\\ArrayInput), Object(Illuminate\\Console\\OutputStyle))
#43 /home/dfyne/dfyne-lab6/services/promotions/vendor/laravel/framework/src/Illuminate/Console/Concerns/CallsCommands.php(29): Illuminate\\Console\\Command->runCommand('db:seed', Array, Object(Illuminate\\Console\\OutputStyle))
#44 /home/dfyne/dfyne-lab6/services/promotions/vendor/laravel/framework/src/Illuminate/Database/Console/Migrations/FreshCommand.php(128): Illuminate\\Console\\Command->call('db:seed', Array)
#45 /home/dfyne/dfyne-lab6/services/promotions/vendor/laravel/framework/src/Illuminate/Database/Console/Migrations/FreshCommand.php(104): Illuminate\\Database\\Console\\Migrations\\FreshCommand->runSeeder(NULL)
#46 /home/dfyne/dfyne-lab6/services/promotions/vendor/laravel/framework/src/Illuminate/Container/BoundMethod.php(36): Illuminate\\Database\\Console\\Migrations\\FreshCommand->handle()
#47 /home/dfyne/dfyne-lab6/services/promotions/vendor/laravel/framework/src/Illuminate/Container/Util.php(43): Illuminate\\Container\\BoundMethod::{closure:Illuminate\\Container\\BoundMethod::call():35}()
#48 /home/dfyne/dfyne-lab6/services/promotions/vendor/laravel/framework/src/Illuminate/Container/BoundMethod.php(96): Illuminate\\Container\\Util::unwrapIfClosure(Object(Closure))
#49 /home/dfyne/dfyne-lab6/services/promotions/vendor/laravel/framework/src/Illuminate/Container/BoundMethod.php(35): Illuminate\\Container\\BoundMethod::callBoundMethod(Object(Illuminate\\Foundation\\Application), Array, Object(Closure))
#50 /home/dfyne/dfyne-lab6/services/promotions/vendor/laravel/framework/src/Illuminate/Container/Container.php(799): Illuminate\\Container\\BoundMethod::call(Object(Illuminate\\Foundation\\Application), Array, Array, NULL)
#51 /home/dfyne/dfyne-lab6/services/promotions/vendor/laravel/framework/src/Illuminate/Console/Command.php(280): Illuminate\\Container\\Container->call(Array)
#52 /home/dfyne/dfyne-lab6/services/promotions/vendor/symfony/console/Command/Command.php(284): Illuminate\\Console\\Command->execute(Object(Symfony\\Component\\Console\\Input\\ArgvInput), Object(Illuminate\\Console\\OutputStyle))
#53 /home/dfyne/dfyne-lab6/services/promotions/vendor/laravel/framework/src/Illuminate/Console/Command.php(249): Symfony\\Component\\Console\\Command\\Command->run(Object(Symfony\\Component\\Console\\Input\\ArgvInput), Object(Illuminate\\Console\\OutputStyle))
#54 /home/dfyne/dfyne-lab6/services/promotions/vendor/symfony/console/Application.php(1144): Illuminate\\Console\\Command->run(Object(Symfony\\Component\\Console\\Input\\ArgvInput), Object(Symfony\\Component\\Console\\Output\\ConsoleOutput))
#55 /home/dfyne/dfyne-lab6/services/promotions/vendor/symfony/console/Application.php(379): Symfony\\Component\\Console\\Application->doRunCommand(Object(Illuminate\\Database\\Console\\Migrations\\FreshCommand), Object(Symfony\\Component\\Console\\Input\\ArgvInput), Object(Symfony\\Component\\Console\\Output\\ConsoleOutput))
#56 /home/dfyne/dfyne-lab6/services/promotions/vendor/symfony/console/Application.php(218): Symfony\\Component\\Console\\Application->doRun(Object(Symfony\\Component\\Console\\Input\\ArgvInput), Object(Symfony\\Component\\Console\\Output\\ConsoleOutput))
#57 /home/dfyne/dfyne-lab6/services/promotions/vendor/laravel/framework/src/Illuminate/Foundation/Console/Kernel.php(198): Symfony\\Component\\Console\\Application->run(Object(Symfony\\Component\\Console\\Input\\ArgvInput), Object(Symfony\\Component\\Console\\Output\\ConsoleOutput))
#58 /home/dfyne/dfyne-lab6/services/promotions/vendor/laravel/framework/src/Illuminate/Foundation/Application.php(1235): Illuminate\\Foundation\\Console\\Kernel->handle(Object(Symfony\\Component\\Console\\Input\\ArgvInput), Object(Symfony\\Component\\Console\\Output\\ConsoleOutput))
#59 /home/dfyne/dfyne-lab6/services/promotions/artisan(16): Illuminate\\Foundation\\Application->handleCommand(Object(Symfony\\Component\\Console\\Input\\ArgvInput))
#60 {main}

[previous exception] [object] (PDOException(code: 42703): SQLSTATE[42703]: Undefined column: 7 ERROR:  column \"code\" does not exist
LINE 1: select * from \"promotion_codes\" where (\"code\" = $1) limit 1
                                               ^ at /home/dfyne/dfyne-lab6/services/promotions/vendor/laravel/framework/src/Illuminate/Database/Connection.php:440)
[stacktrace]
#0 /home/dfyne/dfyne-lab6/services/promotions/vendor/laravel/framework/src/Illuminate/Database/Connection.php(440): PDOStatement->execute()
#1 /home/dfyne/dfyne-lab6/services/promotions/vendor/laravel/framework/src/Illuminate/Database/Connection.php(846): Illuminate\\Database\\Connection->{closure:Illuminate\\Database\\Connection::select():426}('select * from \"...', Array)
#2 /home/dfyne/dfyne-lab6/services/promotions/vendor/laravel/framework/src/Illuminate/Database/Connection.php(813): Illuminate\\Database\\Connection->runQueryCallback('select * from \"...', Array, Object(Closure))
#3 /home/dfyne/dfyne-lab6/services/promotions/vendor/laravel/framework/src/Illuminate/Database/Connection.php(426): Illuminate\\Database\\Connection->run('select * from \"...', Array, Object(Closure))
#4 /home/dfyne/dfyne-lab6/services/promotions/vendor/laravel/framework/src/Illuminate/Database/Query/Builder.php(3573): Illuminate\\Database\\Connection->select('select * from \"...', Array, true, Array)
#5 /home/dfyne/dfyne-lab6/services/promotions/vendor/laravel/framework/src/Illuminate/Database/Query/Builder.php(3557): Illuminate\\Database\\Query\\Builder->runSelect()
#6 /home/dfyne/dfyne-lab6/services/promotions/vendor/laravel/framework/src/Illuminate/Database/Eloquent/Builder.php(908): Illuminate\\Database\\Query\\Builder->get(Array)
#7 /home/dfyne/dfyne-lab6/services/promotions/vendor/laravel/framework/src/Illuminate/Database/Eloquent/Builder.php(890): Illuminate\\Database\\Eloquent\\Builder->getModels(Array)
#8 /home/dfyne/dfyne-lab6/services/promotions/vendor/laravel/framework/src/Illuminate/Database/Concerns/BuildsQueries.php(366): Illuminate\\Database\\Eloquent\\Builder->get(Array)
#9 /home/dfyne/dfyne-lab6/services/promotions/vendor/laravel/framework/src/Illuminate/Database/Eloquent/Builder.php(712): Illuminate\\Database\\Eloquent\\Builder->first()
#10 /home/dfyne/dfyne-lab6/services/promotions/vendor/laravel/framework/src/Illuminate/Database/Eloquent/Builder.php(746): Illuminate\\Database\\Eloquent\\Builder->firstOrCreate(Array, Array)
#11 /home/dfyne/dfyne-lab6/services/promotions/vendor/laravel/framework/src/Illuminate/Support/Traits/ForwardsCalls.php(23): Illuminate\\Database\\Eloquent\\Builder->updateOrCreate(Array, Array)
#12 /home/dfyne/dfyne-lab6/services/promotions/vendor/laravel/framework/src/Illuminate/Database/Eloquent/Model.php(2809): Illuminate\\Database\\Eloquent\\Model->forwardCallTo(Object(Illuminate\\Database\\Eloquent\\Builder), 'updateOrCreate', Array)
#13 /home/dfyne/dfyne-lab6/services/promotions/vendor/laravel/framework/src/Illuminate/Database/Eloquent/Model.php(2825): Illuminate\\Database\\Eloquent\\Model->__call('updateOrCreate', Array)
#14 /home/dfyne/dfyne-lab6/services/promotions/database/seeders/PromotionCodeSeeder.php(16): Illuminate\\Database\\Eloquent\\Model::__callStatic('updateOrCreate', Array)
#15 /home/dfyne/dfyne-lab6/services/promotions/vendor/laravel/framework/src/Illuminate/Container/BoundMethod.php(36): Database\\Seeders\\PromotionCodeSeeder->run()
#16 /home/dfyne/dfyne-lab6/services/promotions/vendor/laravel/framework/src/Illuminate/Container/Util.php(43): Illuminate\\Container\\BoundMethod::{closure:Illuminate\\Container\\BoundMethod::call():35}()
#17 /home/dfyne/dfyne-lab6/services/promotions/vendor/laravel/framework/src/Illuminate/Container/BoundMethod.php(96): Illuminate\\Container\\Util::unwrapIfClosure(Object(Closure))
#18 /home/dfyne/dfyne-lab6/services/promotions/vendor/laravel/framework/src/Illuminate/Container/BoundMethod.php(35): Illuminate\\Container\\BoundMethod::callBoundMethod(Object(Illuminate\\Foundation\\Application), Array, Object(Closure))
#19 /home/dfyne/dfyne-lab6/services/promotions/vendor/laravel/framework/src/Illuminate/Container/Container.php(799): Illuminate\\Container\\BoundMethod::call(Object(Illuminate\\Foundation\\Application), Array, Array, NULL)
#20 /home/dfyne/dfyne-lab6/services/promotions/vendor/laravel/framework/src/Illuminate/Database/Seeder.php(184): Illuminate\\Container\\Container->call(Array, Array)
#21 /home/dfyne/dfyne-lab6/services/promotions/vendor/laravel/framework/src/Illuminate/Database/Seeder.php(191): Illuminate\\Database\\Seeder->{closure:Illuminate\\Database\\Seeder::__invoke():183}()
#22 /home/dfyne/dfyne-lab6/services/promotions/vendor/laravel/framework/src/Illuminate/Database/Seeder.php(59): Illuminate\\Database\\Seeder->__invoke(Array)
#23 /home/dfyne/dfyne-lab6/services/promotions/database/seeders/DatabaseSeeder.php(25): Illuminate\\Database\\Seeder->call('Database\\\\Seeder...')
#24 /home/dfyne/dfyne-lab6/services/promotions/vendor/laravel/framework/src/Illuminate/Container/BoundMethod.php(36): Database\\Seeders\\DatabaseSeeder->run()
#25 /home/dfyne/dfyne-lab6/services/promotions/vendor/laravel/framework/src/Illuminate/Container/Util.php(43): Illuminate\\Container\\BoundMethod::{closure:Illuminate\\Container\\BoundMethod::call():35}()
#26 /home/dfyne/dfyne-lab6/services/promotions/vendor/laravel/framework/src/Illuminate/Container/BoundMethod.php(96): Illuminate\\Container\\Util::unwrapIfClosure(Object(Closure))
#27 /home/dfyne/dfyne-lab6/services/promotions/vendor/laravel/framework/src/Illuminate/Container/BoundMethod.php(35): Illuminate\\Container\\BoundMethod::callBoundMethod(Object(Illuminate\\Foundation\\Application), Array, Object(Closure))
#28 /home/dfyne/dfyne-lab6/services/promotions/vendor/laravel/framework/src/Illuminate/Container/Container.php(799): Illuminate\\Container\\BoundMethod::call(Object(Illuminate\\Foundation\\Application), Array, Array, NULL)
#29 /home/dfyne/dfyne-lab6/services/promotions/vendor/laravel/framework/src/Illuminate/Database/Seeder.php(184): Illuminate\\Container\\Container->call(Array, Array)
#30 /home/dfyne/dfyne-lab6/services/promotions/vendor/laravel/framework/src/Illuminate/Database/Eloquent/Concerns/HasEvents.php(456): Illuminate\\Database\\Seeder->{closure:Illuminate\\Database\\Seeder::__invoke():183}()
#31 /home/dfyne/dfyne-lab6/services/promotions/vendor/laravel/framework/src/Illuminate/Database/Console/Seeds/WithoutModelEvents.php(17): Illuminate\\Database\\Eloquent\\Model::withoutEvents(Object(Closure))
#32 /home/dfyne/dfyne-lab6/services/promotions/vendor/laravel/framework/src/Illuminate/Database/Seeder.php(191): Database\\Seeders\\DatabaseSeeder->{closure:Illuminate\\Database\\Console\\Seeds\\WithoutModelEvents::withoutModelEvents():17}()
#33 /home/dfyne/dfyne-lab6/services/promotions/vendor/laravel/framework/src/Illuminate/Database/Console/Seeds/SeedCommand.php(71): Illuminate\\Database\\Seeder->__invoke()
#34 /home/dfyne/dfyne-lab6/services/promotions/vendor/laravel/framework/src/Illuminate/Database/Eloquent/Concerns/GuardsAttributes.php(185): Illuminate\\Database\\Console\\Seeds\\SeedCommand->{closure:Illuminate\\Database\\Console\\Seeds\\SeedCommand::handle():70}()
#35 /home/dfyne/dfyne-lab6/services/promotions/vendor/laravel/framework/src/Illuminate/Database/Console/Seeds/SeedCommand.php(70): Illuminate\\Database\\Eloquent\\Model::unguarded(Object(Closure))
#36 /home/dfyne/dfyne-lab6/services/promotions/vendor/laravel/framework/src/Illuminate/Container/BoundMethod.php(36): Illuminate\\Database\\Console\\Seeds\\SeedCommand->handle()
#37 /home/dfyne/dfyne-lab6/services/promotions/vendor/laravel/framework/src/Illuminate/Container/Util.php(43): Illuminate\\Container\\BoundMethod::{closure:Illuminate\\Container\\BoundMethod::call():35}()
#38 /home/dfyne/dfyne-lab6/services/promotions/vendor/laravel/framework/src/Illuminate/Container/BoundMethod.php(96): Illuminate\\Container\\Util::unwrapIfClosure(Object(Closure))
#39 /home/dfyne/dfyne-lab6/services/promotions/vendor/laravel/framework/src/Illuminate/Container/BoundMethod.php(35): Illuminate\\Container\\BoundMethod::callBoundMethod(Object(Illuminate\\Foundation\\Application), Array, Object(Closure))
#40 /home/dfyne/dfyne-lab6/services/promotions/vendor/laravel/framework/src/Illuminate/Container/Container.php(799): Illuminate\\Container\\BoundMethod::call(Object(Illuminate\\Foundation\\Application), Array, Array, NULL)
#41 /home/dfyne/dfyne-lab6/services/promotions/vendor/laravel/framework/src/Illuminate/Console/Command.php(280): Illuminate\\Container\\Container->call(Array)
#42 /home/dfyne/dfyne-lab6/services/promotions/vendor/symfony/console/Command/Command.php(284): Illuminate\\Console\\Command->execute(Object(Symfony\\Component\\Console\\Input\\ArrayInput), Object(Illuminate\\Console\\OutputStyle))
#43 /home/dfyne/dfyne-lab6/services/promotions/vendor/laravel/framework/src/Illuminate/Console/Command.php(249): Symfony\\Component\\Console\\Command\\Command->run(Object(Symfony\\Component\\Console\\Input\\ArrayInput), Object(Illuminate\\Console\\OutputStyle))
#44 /home/dfyne/dfyne-lab6/services/promotions/vendor/laravel/framework/src/Illuminate/Console/Concerns/CallsCommands.php(68): Illuminate\\Console\\Command->run(Object(Symfony\\Component\\Console\\Input\\ArrayInput), Object(Illuminate\\Console\\OutputStyle))
#45 /home/dfyne/dfyne-lab6/services/promotions/vendor/laravel/framework/src/Illuminate/Console/Concerns/CallsCommands.php(29): Illuminate\\Console\\Command->runCommand('db:seed', Array, Object(Illuminate\\Console\\OutputStyle))
#46 /home/dfyne/dfyne-lab6/services/promotions/vendor/laravel/framework/src/Illuminate/Database/Console/Migrations/FreshCommand.php(128): Illuminate\\Console\\Command->call('db:seed', Array)
#47 /home/dfyne/dfyne-lab6/services/promotions/vendor/laravel/framework/src/Illuminate/Database/Console/Migrations/FreshCommand.php(104): Illuminate\\Database\\Console\\Migrations\\FreshCommand->runSeeder(NULL)
#48 /home/dfyne/dfyne-lab6/services/promotions/vendor/laravel/framework/src/Illuminate/Container/BoundMethod.php(36): Illuminate\\Database\\Console\\Migrations\\FreshCommand->handle()
#49 /home/dfyne/dfyne-lab6/services/promotions/vendor/laravel/framework/src/Illuminate/Container/Util.php(43): Illuminate\\Container\\BoundMethod::{closure:Illuminate\\Container\\BoundMethod::call():35}()
#50 /home/dfyne/dfyne-lab6/services/promotions/vendor/laravel/framework/src/Illuminate/Container/BoundMethod.php(96): Illuminate\\Container\\Util::unwrapIfClosure(Object(Closure))
#51 /home/dfyne/dfyne-lab6/services/promotions/vendor/laravel/framework/src/Illuminate/Container/BoundMethod.php(35): Illuminate\\Container\\BoundMethod::callBoundMethod(Object(Illuminate\\Foundation\\Application), Array, Object(Closure))
#52 /home/dfyne/dfyne-lab6/services/promotions/vendor/laravel/framework/src/Illuminate/Container/Container.php(799): Illuminate\\Container\\BoundMethod::call(Object(Illuminate\\Foundation\\Application), Array, Array, NULL)
#53 /home/dfyne/dfyne-lab6/services/promotions/vendor/laravel/framework/src/Illuminate/Console/Command.php(280): Illuminate\\Container\\Container->call(Array)
#54 /home/dfyne/dfyne-lab6/services/promotions/vendor/symfony/console/Command/Command.php(284): Illuminate\\Console\\Command->execute(Object(Symfony\\Component\\Console\\Input\\ArgvInput), Object(Illuminate\\Console\\OutputStyle))
#55 /home/dfyne/dfyne-lab6/services/promotions/vendor/laravel/framework/src/Illuminate/Console/Command.php(249): Symfony\\Component\\Console\\Command\\Command->run(Object(Symfony\\Component\\Console\\Input\\ArgvInput), Object(Illuminate\\Console\\OutputStyle))
#56 /home/dfyne/dfyne-lab6/services/promotions/vendor/symfony/console/Application.php(1144): Illuminate\\Console\\Command->run(Object(Symfony\\Component\\Console\\Input\\ArgvInput), Object(Symfony\\Component\\Console\\Output\\ConsoleOutput))
#57 /home/dfyne/dfyne-lab6/services/promotions/vendor/symfony/console/Application.php(379): Symfony\\Component\\Console\\Application->doRunCommand(Object(Illuminate\\Database\\Console\\Migrations\\FreshCommand), Object(Symfony\\Component\\Console\\Input\\ArgvInput), Object(Symfony\\Component\\Console\\Output\\ConsoleOutput))
#58 /home/dfyne/dfyne-lab6/services/promotions/vendor/symfony/console/Application.php(218): Symfony\\Component\\Console\\Application->doRun(Object(Symfony\\Component\\Console\\Input\\ArgvInput), Object(Symfony\\Component\\Console\\Output\\ConsoleOutput))
#59 /home/dfyne/dfyne-lab6/services/promotions/vendor/laravel/framework/src/Illuminate/Foundation/Console/Kernel.php(198): Symfony\\Component\\Console\\Application->run(Object(Symfony\\Component\\Console\\Input\\ArgvInput), Object(Symfony\\Component\\Console\\Output\\ConsoleOutput))
#60 /home/dfyne/dfyne-lab6/services/promotions/vendor/laravel/framework/src/Illuminate/Foundation/Application.php(1235): Illuminate\\Foundation\\Console\\Kernel->handle(Object(Symfony\\Component\\Console\\Input\\ArgvInput), Object(Symfony\\Component\\Console\\Output\\ConsoleOutput))
#61 /home/dfyne/dfyne-lab6/services/promotions/artisan(16): Illuminate\\Foundation\\Application->handleCommand(Object(Symfony\\Component\\Console\\Input\\ArgvInput))
#62 {main}
"} 
